CIK,Name,Year, Additional paid-in capital Accumulated deficit, outstanding) Additional paid-in capital, to SSBH,"$61,938 at fair value)",10 shares issued and outstanding,"3) Securities loaned (includes securities at fair value of $155,881)","7) Securities loaned (includes securities at fair value of $847,463)","8) Securities loaned (includes securities at fair value of $693,613)",87) Securities loaned (includes securities at fair value of $310),Accounts payable and accrued liabilities,Accounts payable and other liabilities,Accrued employee compensation and benefits,Accrued interest and dividend payables,Accrued interest and dividends payab,Accrued interest and dividends payable,Accrued interest payable,Accumulated changes in equity from nonowner sources,Accumulated deficit,Accumulated earnings,Accumulated loss,Accumulated other comprchensive income,Accumulated other comprehensive,Accumulated other comprehensive income,Accumulated other comprehensive loss,"Accumulated other comprehensive loss, net of tax",Additional paid-in capital,"Adjustable Rate Cumulative Preferred Stock, Series A, held in treasury, at cost (151 shares)",Affiliates,Bank borrowings,Beneficial interests issued by consolidated variable interest entities,"Beneficial interests issued by consolidated variable interest entities (""VIE"") (included $1,044 at fair value)","Beneficial interests issued by consolidated variable interest entities (""VIE"") (included $1,108 at fair value)","Beneficial interests issued by consolidated variable interest entities (""VIE"") (included $235 at fair value at December 31, 2012)","Beneficial interests issued by consolidated variable interest entities (""VIE"") (included $258 at fair value)","Beneficial interests issued by consolidated variable interest entities (""VIE"") (included $72 at fair value)","Beneficial interests issued by consolidated variable interest entities (""VIE""), at fair value","Beneficial interests issued by consolidated variable interest entities (""VIEs""), at fair value",Borrowings,"Borrowings (included $11,062,514 at fair value at December 31, 2008)",Borrowings (included $955 at fair value),Borrowings (includes $574 at fair value),Borrowings at fair value,Borrowings from Parent,Borrowings from affiliates,"Brokers, dealers and clearing or","Brokers, dealers and clearing organizations","Brokers, dealers and others","Brokers, dealers, and clearing organizations",Capital in excess of par value,"Collateralized agreements and financings: Securities sold under agreements to repurchase (includes $20,303 at f","Collateralized agreements and financings: Securities sold under agreements to repurchase (includes $8,865 at f",Collateralized agreements and financings: Securities sold under agreements to repurchase (includes fair value o,"Collateralized agreements and financings: Securities sold under agreements to repurchase (includes fair value of $25,239)","Collateralized financings: Securities loaned (includes $33,912 at fair value)",Commercial paper,"Commitments, contingencies and guarantees: Subordinated indebtedness","Common stock ($0.05 par value; 1,000 shares authorized; 24 shares issued and outstanding)","Common stock ($0.05 par value; 1,000 shares authorized; 25 shares issued and outstanding)","Common stock ($10,000 par value, 1,000 shares authorized, issued and outstanding)","Common stock - $1,000 par value, 5,000 shares authorized: 10 shares issued and outstanding","Common stock - no par value, 5,000 shares authorized, 10 shares issued and outstanding","Common stock, $1.00 par value; 1,000 shares authorized a","Common stock, $1.00 par value; 1,000 shares authorized and outstanding","Common stock, par value $1.00 per share (2,000 shares authorized, issued, and","Common stock, par value $1.00 per share (2,000 shares authorized, issued, and outstanding)","Common stock, par value $1.00 per share. 2,000 shares authorized, issued, an","Common stock, par value $1.00 per share. 2,000 shares authorized, issued, and outstanding","Common stock, without par value, 9,000 shares authorized, 5,984 shares issued and outstanding",Compensation and benefits,Contractual commitments,Corporate and other debt,Corporate debt and collateralized mortgage obligations,Corporate debt securities,Corporate equities,Corporate obligations,Customers,Customers and counterparties,Deposits received for securities loaned,Derivative and other contracts,Derivative contracts,Derivative liabilities,Derivatives,Equities,Equity securities,Financial instruments sold under agreements to repurchase,"Financial instruments sold under agreements to repurchase, at fair value","Financial instruments sold, but not yet purchased (at fair value)","Financial instruments sold, but not yet purchased, at fair value","Financial instruments sold, but not yet purchased, at fair value Other liabilities","Financial instruments sold, but not yet purchased, at market value","Financial instruments sold, not yet purchased","Financial instruments sold, not yet purchased, at fair value","Financial instruments sold, not yet purchased, at fair value, obligation to return collateral","Financial instruments sold, not yet purchased, at market value","Financial instruments sold, not yet purchased, at market value, obligation to return collateral","Financial instruments sold. but not yet purchased, at fair value",Foreign government securities,Interest and dividends,"Liabilities and partners' capital Unsecured short-term borrowings, including the current portion of unsecured long-term borrowings (includes $260 at fair value)",Liabilities of variable interest entities and mortgage loan special purpose entities,Liabilities subordinated to claims of general creditors,Liabilities subordinated to claims of general creditors (Note 7),Liabilities: Short term borrowings (Note 6),Loan payable to Parent,Loans,Loans payable,Long term borrowings at fair value (relates to consolidated variable interest entities and are non-recourse to the Company),"Long term debt, at fair value",Long-term borrowings,Long-term borrowings (includes $47 at fair value),Long-term borrowings (includes $539 at fair value),Long-term borrowings at fair value (relates to consolidated variable interest entities and are non-recourse to the Company),Long-term debt,"Long-term debt (included $5,000 at fair value)","Long-term debt (included $7,177 at fair value)","Long-term debt, at fair value",Long-term subordinated liabilities,Member's contributions,Member's equity,Member's interest,Morgan Stanley & Co. LLC member's equity,Non controlling interest,Non-U.S. government and government agency securities,Noncontrolling interest,Noncustomers,Note payable,Notes payable,Notes payable to CGMHI,Notes payable to SSBH,Obligation to return securities received as collateral,"Obligation to return securities received as collateral, at fair value","Obligation to return securities received as collateral, at fair value.","Obligations to return securities received as collateral, at fair value",Options,Other,"Other (includes $1,641,397 at fair value)",Other (includes $137 at fair value),Other (includes $301 at fair value),"Other (includes $317,372 at fair value)",Other (includes $94 at fair value),"Other collateralized financings, at fair value",Other debt securities,Other financial instruments,Other liabilities,"Other liabilities (includes $2,625 of obligation to return securities as collateral at fair value)",Other liabilities (includes $204 of obligation to return securities as collateral at fair value),Other liabilities (includes $6 of obligation to return securities as collateral at fair value),"Other liabilities (includes $8,050 of obligation to return securities as collateral at fair value)",Other liabilities (includes $875 of obligation to return securities as collateral at fair value),"Other liabilities (includes obligation to return securities as collateral at fair value of $1,140)",Other liabilities and accrued expenses,"Other liabilities and accrued expenses (included $18 at fair value at December 31, 2012)","Other liabilities and accrued expenses (included $63,295 at fair value at December 31, 2008)",Other liabilities and accrued expenses (includes $17 at fair value),Other liabilities and accrued expenses (includes $172 at fair value),Other liabilities and accrued expenses (includes $255 at fair value),"Other liabilities and accrued expenses (includes $445,799 at fair value)",Other liabilities and accrued expenses (includes $562 at fair value),Other liabilities and accr√ºed expenses,Other secured financing,Other secured financings,Other secured financings (includes $102 at fair value; $63 related to consolidated variable interest entities and are non-recourse to the Company),Other secured financings (includes $105 at fair value; $38 related to consolidated variable interest entities generally non-recourse to the Company),"Other secured financings (includes $11,102 at fair value)","Other secured financings (includes $12,713 at fair value)","Other secured financings (includes $12,876 at fair value)","Other secured financings (includes $141,600 at fair value; $16,155 related to consolidated variable interest entities and are non-recourse to the Company)","Other secured financings (includes $2,076,473 at fair value)","Other secured financings (includes $272,089 at fair value; $55,245 related to consolidated variable interest entities and are non-recourse to the Company)",Other secured financings (includes $334 at fair value; $210 related to consolidated variable interest entities generally not available to the Company),Other secured financings (includes $34 at fair value; $33 related to consolidated variable interest entities generally not available to the Company),Other secured financings (includes $41 at fair value),"Other secured financings (includes $48 at fair value; $47 related to consolidated variable interest entities, generally non-recourse to the Company)","Other secured financings (includes $578,327 at fair value; $53,917 related to consolidated variable interest entities and are non-recourse to the Company)","Other secured financings (includes $7,598 at fair value)","Other secured financings (includes $8,623 at fair value)",Other secured financings (includes $853 at fair value),"Other secured financings (includes $9,586 at fair value)","Other secured financings (includes $9,739 at fair value)","Other secured financings, at fair value",Other sovereign government obligations,Paid-in capital,Paid-in capital in excess of par value,Parent,Partners' capital,Payable to affiliates,Payable to banks,Payable to broker-dealers and clearing organizations,"Payable to brokers, dealers and clearing organizations","Payable to brokers, dealers, and clearing organizations","Payable to brokers, dealers, clearing organizations and customers","Payable to brokers, dealers, clearing organizations and customers (Note 5)","Payable to brokers, dealers, clearing organizations and others","Payable to brokers, dealers, clearing organizations, and customers",Payable to customers,Payable to non-customers,Payable under securities lending agreements,Payable under securities lending arrangements,"Payables to brokers, dealers and clearing organizations","Payables to brokers, dealers, and clearing organizations","Payables to brokers, dealers, clearing organizations and others",Payables to customers,"Payables to customers (includes $1,013 at fair value)",Payables to customers (includes $983 at fair value),Payables to customers (includes $987 at fair value),Payables to customers and counterparties,"Preferred stock (no par value, 100 shares authorized, 20 shares issued and outstanding)","Preferred stock, $1.00 par value (Adjustable Rate Cumulative Preferred Stock, Series A, $500,000 liquidation preference); 1,000 shares authorized; 300 shares issued",Retained earnings,"Securities financing transactions: Securities sold under agreements to repurchase (includes securities at fair value of $41,290,01","Securities financing transactions: Securities sold under agreements to repurchase (includes securities at fair value of $48,968,32","Securities financing transactions: Securities sold under agreements to repurchase (includes securities at fair value of $53,6","Securities financing transactions: Securities sold under agreements to repurchase (includes securities at fair value of $80,267,92",Securities lent,Securities loaned,"Securities loaned (includes $14,642 at fair value)","Securities loaned (includes $17,331 at fair value)","Securities loaned (includes $20,827 at fair value)",Securities loaned (includes $215 at fair value),"Securities loaned (includes $23,810 at fair value)","Securities loaned (includes $28,978 at fair value)","Securities loaned (includes $3,413 at fair value)","Securities loaned (includes $31,698 at fair value)","Securities loaned (includes $38,815 at fair value)","Securities loaned (includes $4,964 at fair value)",Securities loaned (includes $448 at fair value),"Securities loaned (includes $5, 149 at fair value)","Securities loaned (includes $5,646 at fair value)","Securities loaned (includes $6,541 at fair value)","Securities loaned (includes $7,483 at fair value)","Securities loaned (includes fair value of $2,417)",Securities loaned (includes fair value of $57),"Securities loaned and sold under agreements to repurchase (including $5,207 at fair value)","Securities loaned and sold under agreements to repurchase (including $6,521 at fair value)","Securities loaned or sold under agreements to repurchase (including $10,611 at fair value)","Securities loaned or sold under agreements to repurchase (including $13,083 at fair value)","Securities loaned or sold under agreements to repurchase (including $8,793 at fair value)","Securities loaned or sold under agreements to repurchase (including $8,810 at fair value)",Securities received under collateral agreements,Securities sold under agreements to repurchase,Securities sold under agreements to repurchase (at fair value),"Securities sold under agreements to repurchase (includes $1,415,083 at fair value)","Securities sold under agreements to repurchase (includes $1,830,549 at fair value)","Securities sold under agreements to repurchase (includes $152,836 at fair value)","Securities sold under agreements to repurchase (includes $28,222 at fair value)","Securities sold under agreements to repurchase (includes $28,547 at fair value)","Securities sold under agreements to repurchase (includes $29,028 at fair value)","Securities sold under agreements to repurchase (includes $29,216 at fair value)","Securities sold under agreements to repurchase (includes $29,270 at fair value)","Securities sold under agreements to repurchase (includes $30,064 at fair value)","Securities sold under agreements to repurchase (includes $31,914 at fair value)","Securities sold under agreements to repurchase (includes $347,715 at fair value)","Securities sold under agreements to repurchase (includes $36,767 at fair value)","Securities sold under agreements to repurchase (includes $363,715 at fair value)",Securities sold under agreements to repurchase (includes $4 at fair value),"Securities sold under agreements to repurchase (includes $43,199 at fair value)","Securities sold under agreements to repurchase (includes $43,513 at fair value)","Securities sold under agreements to repurchase (includes $500,611 at fair value)",Securities sold under agreements to repurchase (includes $561 at fair value),Securities sold under agreements to repurchase (includes $612 at fair value),Securities sold under agreements to repurchase (includes $683 at fair value),Securities sold under agreements to repurchase (includes $730 at fair value),Securities sold under agreements to repurchase (includes $800 at fair value),Securities sold under agreements to repurchase (includes $812 at fair value),"Securities sold under agreements to repurchase (includes $848,785 at fair value)","Securities sold under agreements to repurchase (includes $949,579 at fair value)","Securities sold under agreements to repurchase (includes fair value of $23,127)","Securities sold under agreements to repurchase (including $108,346 at fair value)","Securities sold under agreements to repurchase (including $140,683 at fair value)","Securities sold under agreements to repurchase (including $70,440 at fair value)","Securities sold under agreements to repurchase (including $71,901 at fair value)","Securities sold under agreements to repurchase (including $82,775 at fair value)","Securities sold under agreements to repurchase, at fair value",Securities sold under agreements to repurchases,Securities sold under repurchase agreements,"Securities sold under repurchase agreements (included $2,301 at fair value)","Securities sold under repurchase agreements (included $2,798 at fair value)",Securities sold under repurchase agreements (included $246 at fair value),Securities sold under repurchase agreements (included $288 at fair value),Securities sold under repurchase agreements (included $306 at fair value),Securities sold under repurchase agreements (included $342 at fair value),Securities sold under repurchase agreements (included $540 at fair value).,"Securities sold, but not yet purchased, at fair value","Securities sold, but not yet purchased, at market value","Securities sold, not yet purchased, at market value","Securities sold, not yet purchased, at market value (Note 4)","Securities sold, not yet purchased, at market value, obligation to return collateral","Securities sold, not yet purchased, at market value, obligation to return collateral (Note 4)","Series A, $500,000 liquidation preference); 1,000 shares authorized; 300 shares issued",Shareholder's equity,Short term bonds and notes issued,Short term borrowings,Short term borrowings (Note 6),Short-term borrowings,Short-term borrowings (included $116 at fair value),Short-term borrowings (included $176 at fair value),"Short-term borrowings (included $2,863 at fair value)","Short-term borrowings (included $2,905 at fair value)",Short-term borrowings (included $221 at fair value),State and municipal bond obligations,Stockholder's equity,Stockholder's equity (Note 13),Stockholder's equity:,"Stockholder's equity: Common stock, $0.05 par value. Authorized 1,000 shares; issued and outstanding 23 shares","Stockholder's equity: Common stock, without par value, 9,000 shares authorized, 5,984 shares issued and outstanding",Stockholders' equity,Stockholders' equity (Note 15),"Stocks, warrants and options","Stocks, warrants, and options",Subordinated borrowings,Subordinated debt,Subordinated indebtedness,Subordinated indebtedness Total liabilities,Subordinated indebtedness to CGMHI,Subordinated indebtedness to SSBH,Subordinated liabilities,TOTAL LIABILITIES AND STOCKHOLDER'S EQUITY,Total Morgan Stanley & Co. Incorporated stockholder's equity,Total Stockholder's Equity,Total Stockholders' equity:,Total liabilities,Total liabilities and member's equity,Total liabilities and partners' capital,Total liabilities and shareholder's equity,Total liabilities and stockholder's equity,Total member's equity,Total partners' capital,Total shareholder's equity,Total stockholder's equity,Trading liabilities,U.S. Government and agency obligations,U.S. Treasury and federal agency securities,U.S. government and agency securities,U.S. government and federal agency,U.S. government and federal agency securities,U.S. government and government agency securities,Unsecured long-term borrowings,Unsecured long-term borrowings (includes $221 at fair value),"Unsecured long-term borrowings (includes $347,904 at fair value)",Unsecured short-term borrowings,Unsecured short-term borrowings (includes $198 at fair value),Unsecured short-term borrowings (includes $20 at fair value).,Unsecured short-term borrowings (includes $218 at fair value),"Unsecured short-term borrowings, including the current portion of unsecured long-term borrowings (includes $1,303,559 at fair value)","Unsecured short-term borrowings, including the current portion of unsecured long-term borrowings (includes $3 at fair value)","Unsecured short-term borrowings, including the current portion of unsecured long-term borrowings Pay","ables to brokers, dealers and clearing organizations",air value) Securities loaned (includes $555 at fair value),air value) Securities loaned (includes $998 at fair value),"authorized, issued and outstanding)",collateral at fair value,d outstanding Additional paid-in capital,eived as collateral,entities and are non-recourse to the Company),"f $24,536) Securities loaned (includes fair value of $268)",ganizations Other,ilities,le Other liabilities,m Parent,nd outstanding Paid-in capital,obligation to return collateral,rrowings,variable interest entities and are non-recourse to the Company),yable
1224385,"WELLS FARGO SECURITIES, LLC ",2004,,,,,,,,,,,,,,,,27595.0,,,39849.0,,,,,,,,,,,,,,,,,,,,,,,,,,,,,,,,,,,,,,,,,,,,,,,,,,,,,,,,,,,,,,,,,,,,,,,,,,,,,,,,,,,,,,,,,,,,,,,,,,,1216068.0,,,,,,,,,,,,,,,,,,,,,,,,,,466901.0,,,,,,,,,,,,,,,,,,,,,,,,,,,,,,,,,,,,,,,,,,,,1886438.0,,,,,,,44984.0,,,,,,,,,,,,,,,,,,,,,,,,,,,,,,,,,,,,,,,,,,,,,13602472.0,,,,,,,,,,,,,,,,,,,,,,,,,,,,,,,,,,,,,,,,,,,,,3686980.0,,,,,,,,,,,,,,,,,,,,,,,,,538500.0,,,,,,,,,,,,,,,,,,,,,,,,,,,,,,,,,,,,,,,,,,,,,,,,,,,,,,
1224385,"WELLS FARGO SECURITIES, LLC ",2005,,,,,,,,,,,,,,,,83799.0,,,,,,,,,,,,,,,,,,,,,,,,,,,,,,,,,,,,,,,,,,,,,,,,,,,,,,,,,,,,,,,,,,,,,,,,,,,,,,,,,,,,,,,,,,,,,,,,,,,,,,,,,,,,,,,,,,,,,,,,,,,,,,,,638879.0,,,,,,,,,,,,,,,,,,,,,,,,,,,,,,,,,,,,,,,,,,,,3316738.0,,,,,,,75266.0,,,,,,,,,,,,,,,,,,,,,,,,,,,,,,,,,,,,,,,,,,,,,21430507.0,,,,,,,,,,,,,,,,,,,,,,,,,,,,,,,,,,,,,,,,,,,,,6775259.0,,,,,,,,,,,,,,,,,,,,,,,,,1183500.0,,,,,,,,,,,,,,,,2107707.0,,,,,,,,,,,,,,,,,,,,,,,,,,,,,,,,,,,,,,
1224385,"WELLS FARGO SECURITIES, LLC ",2006,,,,,,,,,,,,,,,,59321.0,,,,,,,,,,,,,,,,,,,,,,,,,,,,,,,,,,,,,,,,,,,,,,,,,,,,,,,,,,,,,,,,,,,,,,,,,,,,,,,,,,,,,,,,,,,,,,,,,,,,,,,,,,,,,,,,,,,,,,,,,,,,,,,,761937.0,,,,,,,,,,,,,,,,,,,,,,,,,,,,,,,,,,,,,,,,,,,,2199031.0,,,,,,,11388.0,,,,,,,,,,,,,,,,,,,,,,,,,,,,,,,,,,,,,,,,,,,,,12026974.0,,,,,,,,,,,,,,,,,,,,,,,,,,,,,,,,,,,,,,,,,,,,,5059406.0,,,,,,,,,,,,,,,,,,,,,,,,,1183500.0,,,,,,,,,,,,,,,,2727933.0,,,,,,,,,,,,,,,,,,,,,,,,,,,,,,,,,,,,,,
1224385,"WELLS FARGO SECURITIES, LLC ",2007,,,,,,,,,,,,,,,,75497.0,,,902450.0,,,,,,,,,,,,,,,,,,,,,,,,,,,,,,,,,,,,,,,,,,,,,,,,,,,,,,,,,,,,,,,,,,,,,,,,,,,,,,,,,,,,,,,,,,,,,,,,,,,2295102.0,,,,,,,,,,,,,,,,,,,,,,,,,,985495.0,,,,,,,,,,,,,,,,,,,,,,,,,,,,,,,,,,,,,,,,,,,2536.0,1885365.0,,,,,,,14354.0,,,,,,,,,,,,,,,,,,,,,,,,,,,,,,,,,,,,,,,,,,,,,9294056.0,,,,,,,,,,,,,,,,,,,,,,,,,,,,,,,,,,,,,,,,,,,,,4241568.0,,,,,,,,,,,,,,,,,,,,,,,,,1183500.0,,,,,,,,,,,,,,,,,,,,,,,,,,,,,,,,,,,,,,,,,,,,,,,,,,,,,,
1224385,"WELLS FARGO SECURITIES, LLC ",2008,,,,,,,,,,,,,,,,92477.0,,,724933.0,,,,,,,,,,,,,,,,,,,,,,,,,,,,,,,,,,,,,,,,,,,,,,,,,,,,,,,,,,,,,,,,,,,,,,,,,,,,,,,,,,,,,,,,,,,,,,,,,,,2295102.0,,,,,,,,,,,,,,,,,,,,,,,,,,836978.0,,,,,,,,,,,,,,,,,,,,,,,,,,,,,,,,,,,,,,,,,,,,882136.0,,,,,,,19034.0,,,,,,,,,,,,,,,,,,,,,,,,,,,,,,,,,,,,,,,,,,,,,11870678.0,,,,,,,,,,,,,,,,,,,,,,,,,,,,,,,,,,,,,,,,,,,,,3605979.0,,,,,,,,,,,,,,,,,,,,,,,,,1333500.0,,,,,,,,,,,,,,,,,,,,,,,,,,,,,,,,,,,,,,,,,,,,,,,,,,,,,,
1224385,"WELLS FARGO SECURITIES, LLC ",2009,,,,,,,,,,,,,,,,39533.0,,,,,,,,,,,,,,,,,,,,,,,,,,,,,,,,,,,,,,,,,,,,,,,,,,,,,,,,,,,,,,,,,,,,,,,,,,,,,,,,,,,,,,,,,,,,,,,,,,,,,,,1285291.0,,,,,,,,,,,,,,,,,,,,,,,,,659366.0,,,,,,,,,,,,,,,,,,,,,,,,,,,,,,,,,,,,,,,,,,,,319461.0,,,,,,,2445.0,,,,,,,,,,,,,,,,,,,,,,,,,,,,,,,,,,,,,,,,,,,,,2650005.0,,,,,,,,,,,,,,,,,,,,,,,,,,,,,,,,,,,,,,,,,,,,,2640934.0,,,,,,,,,,,,,,,,,,,,,,,,,1983500.0,,,,,,,,,,,,,,,,,,,,,,,,,,,,,,,,,,,,,,,,,,,,,,,,,,,,,,
1224385,"WELLS FARGO SECURITIES, LLC ",2010,,,,,,,,,,,,,,,,,,,,-134724.0,,,,,,,,,,,,,,,,,,,,,,,,,,,,,,,,,,,,,,,,,,,,,,,,,,,,,,,,,,,,,,,,,,,,,,,,4339193.0,,,,,,,,,,,,,,,,,,,,,,,,,,2396991.0,,,,,,,,,,,,,,,,,,,,,,,,,,777575.0,,,,,,,,,,,,,,,,,,,,,,,,,,,,,,,,,,,,,,,,,,,,946012.0,,,,,,,15680.0,,,,,,,,,,,,,,,,,,,,,,,,,,,,,,,,,,,,,,,,,,,,,7675431.0,,,,,,,,,,,,,,,,,,,,,,,,,,,,,,,,,,,,,,,,,,,,,,,,,,,,,,,,,,,,,,,,,,,,,,1483500.0,,,,,,,,,,,,,,,,,,,,,,,,,,,,,,,,,,,,,,,,,,,,,,,,,,,,,,
1224385,"WELLS FARGO SECURITIES, LLC ",2011,,,,,,,,,,,,,,,,,,,1251074.0,,,,,,,,,,,,,,,,,,,,,,,,,,,,,,,,,,,,,,,,,,,,,,,,,,,,,,,,,,,,,,,,,,,,,,,,,6849177.0,,,,,,,,,,,,,,,,,,,,,,,,,,1529736.0,,,,,,,,,,,,,,,,,,,,,,,,,,1016081.0,,,,,,,,,,,,,,,,,,,,,,,,,,,,,,,,,,,,,,,,,,,,2925217.0,,,,,,,514681.0,,,,,,,,,,,,,,,,,,,,,,,,,,,,,,,,,,,,,,,,,,,,,22040467.0,,,,,,,,,,,,,,,,,,,,,,,,,,,,,,,,,,,,,,,,,,,,,,,,,,,,,,,,,,,,,,,,,,,,,,1483500.0,,,,,,,,,,,,,,,,,,,,,,,,,,,,,,,,,,,,,,,,,,,,,,,,,,,,,,
1224385,"WELLS FARGO SECURITIES, LLC ",2012,,,,,,,,,,,,,,,,,,,1301634.0,,,,,,,,,,,,,,,,,,,,,,,,,,,,,,,,,,,,,,,,,,,,,,,,,,,,,,,,,,,,,,,,,,,,,,,,,7582787.0,,,,,,,,,,,,,,,,,,,,,,,,,,1529736.0,,,,,,,,,,,,,,,,,,,,,,,,,,559428.0,,,,,,,,,,,,,,,,,,,,,,,,,,,,,,,,,,,,,,,,,,,,2207509.0,,,,,,,78520.0,,,,,,,,,,,,,,,,,,,,,,,,,,,,,,,,,,,,,,,,,,,,,23950953.0,,,,,,,,,,,,,,,,,,,,,,,,,,,,,,,,,,,,,,,,,,,,,,,,,,,,,,,,,,,,,,,,,,,,,,2323500.0,,,,,,,,,,,,,,,,,,,,,,,,,,,,,,,,,,,,,,,,,,,,,,,,,,,,,,
1224385,"WELLS FARGO SECURITIES, LLC ",2013,,,,,,,,,,,,,,,,,,,1781507.0,,,,,,,,,,,,,,,,,,,,,,,,,,,,,,,,,,,,,,,,,,,,,,,,,,,,,,,,,,,,,,,,,,,,,,,,,8200937.0,,,,,,,,,,,,,,,,,,,,,,,,,,1529736.0,,,,,,,,,,,,,,,,,,,,,,,,,,692083.0,,,,,,,,,,,,,,,,,,,,,,,,,,,,,,,,,,,,,,,,,,,,2220845.0,,,,,,,396554.0,,,,,,,,,,,,,,,,,,,,,,,,,,,,,,,,,,,,,,,,,,,,,26378922.0,,,,,,,,,,,,,,,,,,,,,,,,,,,,,,,,,,,,,,,,,,,,,,,,,,,,,,,,,,,,,,,,,,,,,,2323500.0,,,,,,,,,,,,,,,,,,,,,,,,,,,,,,,,,,,,,,,,,,,,,,,,,,,,,,
1224385,"WELLS FARGO SECURITIES, LLC ",2014,,,,,,,,,,,,,,,,,,,2358138.0,,,,,,,,,,,,,,,,,,,,,,,,,,,,,,,,,,,,,,,,,,,,,,,,,,,,,,,,,,,,,,,,,,,,,,,,,9929539.0,,,,,,,,,,,,,,,,,,,,,,,,,,1529736.0,,,,,,,,,,,,,,,,,,,,,,,,,,875997.0,,,,,,,,,,,,,,,,,,,,,,,,,,,,,,,,,,,,,,,,,,,,3263343.0,,,,,,,652542.0,,,,,,,,,,,,,,,,,,,,,,,,,,,,,,,,,,,,,,,,,,,,,27212100.0,,,,,,,,,,,,,,,,,,,,,,,,,,,,,,,,,,,,,,,,,,,,,,,,,,,,,,,,,,,,,,,,,,,,,,2323500.0,,,,,,,,,,,,,,,,,,,,,,,,,,,,,,,,,,,,,,,,,,,,,,,,,,,,,,
1224385,"WELLS FARGO SECURITIES, LLC ",2015,,,,,,,,,,,,,,,,,,,2745023.0,,,,,,,,,,,,,,,,,,,,,,,,,,,,,,,,,,,,,,,,,,,,,,,,,,,,,,,,,,,,,,,,,,,,,,,,,13815416.0,,,,,,,,,,,,,,,,,,,,,,,,,,1529736.0,,,,,,,,,,,,,,,,,,,,,,,,,,814775.0,,,,,,,,,,,,,,,,,,,,,,,,,,,,,,,,,,,,,,,,,,,,4099997.0,,,,,,,2369579.0,,,,,,,,,,,,,,,,,,,,,,,,,,,,,,,,,,,,,,,,,,,,,37137715.0,,,,,,,,,,,,,,,,,,,,,,,,,,,,,,,,,,,,,,,,,,,,,,,,,,,,,,,,,,,,,,,,,,,,,,2323500.0,,,,,,,,,,,,,,,,,,,,,,,,,,,,,,,,,,,,,,,,,,,,,,,,,,,,,,
1224385,"WELLS FARGO SECURITIES, LLC ",2016,,,,,,,,,,,,,,,,,,,2966463.0,,,,,,,,,,,,,,,,,,,,,,,,,,,,,,,,,,,,,,,,,,,,,,,,,,,,,,,,,,,,,,,,,,,,,,,,,13922594.0,,,,,,,,,,,,,,,,,,,,,,,,,,1565244.0,,,,,,,,,,,,,,,,,,,,,,,,,,906325.0,,,,,,,,,,,,,,,,,,,,,,,,,,,,,,,,,,,,,,,,,,,,702090.0,,,,,,,7279930.0,,,,,,,,,,,,,,,,,,,,7301543.0,,,,,,,,,,,,,,,,,,,,,,,,,53564166.0,,,,,,,,,,,,,,,,,,,,,,,,,,,,,,,,,,,,,,,,,,,,,,,,,,,,,,,,,,,,,,,,,,,,,,2323500.0,,,,,,,,,,,,,,,,,,,,,,,,,,,,,,,,,,,,,,,,,,,,,,,,,,,,,,
1224385,"WELLS FARGO SECURITIES, LLC ",2017,,,,,,,,,,,,,,,,,,,3454727.0,,,,,,,,,,,,,,,,,,,,,,,,,,,,,,,,,,,,,,,,,,,,,,,,,,,,,,,,,,,,,,,,,,,,,,,,,15069283.0,,,,,,,,,,,,,,,,,,,,,,,,,,1565244.0,,,,,,,,,,,,,,,,,,,,,,,,,,4944049.0,,,,,,,,,,,,,,,,,,,,,,,,,,,,,,,,,,,,,,,,,,,,2233994.0,,,,,,,12554277.0,,,,,,,,,,,,,,,,,,,,4687608.0,,,,,,,,,,,,,,,,,,,,,,,,,61131305.0,,,,,,,,,,,,,,,,,,,,,,,,,,,,,,,,,,,,,,,,,,,,,,,,,,,,,,,,,,,,,,,,,,,,,,7300000.0,,,,,,,,,,,,,,,,,,,,,,,,,,,,,,,,,,,,,,,,,,,,,,,,,,,,,,
1224385,"WELLS FARGO SECURITIES, LLC ",2018,,,,,,,,,,,,,,,,,,,3532418.0,,,,,,,,,,,,,,,,,,,8000000.0,,,,,,,,,,,,,,,,,,,,,,,,,,,,,,,,,,,,,,,,,,,,,,,,,,,,,,15905715.0,,,,,,,,,,,,,,,,,,,,,,,,,,1565244.0,,,,,,,,,,,,,,,,,,,,,,,,,,884837.0,,,,,,,,,,,,,,,,,,,,,,,,,,,,,,,,,,,,,,,,,,,,487875.0,,,,,,,12116101.0,774361.0,,,,,,,,,,,,,,,,,,,10077536.0,,,,,,,,,,,,,,,,,,,,,,,,,70758113.0,,,,,,,,,,,,,,,,,,,,,,,,,,,,,,,,,,,,,,,,,,,,,,,,,,,,,,,,,,,,,,,,,,,,,,7300000.0,,,,,,,,,,,,,,,,,,,,,,,,,,,,,,,,,,,,,,,,,,,,,,,,,,,,,,
1224385,"WELLS FARGO SECURITIES, LLC ",2019,,,,,,,,,,,,,,,,,,,3779517.0,,,,,,,,,,,,,,,,,,,6126313.0,,,,,,,,,,,,,,,,,,,,,,,,,,,,,,,,,,,,,,,,,,,,,,,,,,,,,,15449023.0,,,,,,,,,,,,,,,,,,,,,,,,,,1565244.0,,,,,,,,,,,,,,,,,,,,,,,,,,704946.0,,,,,,,,,,,,,,,,,,,,,,,,,,,,,,,,,,,,,,,,,,32681.0,,608814.0,,,,,,,12396260.0,337215.0,,,,,,,,,,,,,,,,,,,8066178.0,,,,,,,,,,,,,,,,,,,,,,,,,77957778.0,,,,,,,,,,,,,,,,,,,,,,,,,,,,,,,,,,,,,,,,,,,,,,,,,,,,,,,,,,,,,,,,,,,,,,7300000.0,,,,,,,,,,,,,,,,,,,,,,,,,,,,,,,,,,,,,,,,,,,,,,,,,,,,,,
1224385,"WELLS FARGO SECURITIES, LLC ",2020,,,,,,,,,,,,,,,,,,,4036335.0,,,,,,,,,,,,,,,,,,,6145224.0,,,,,,,,,,,,,,,,,,,,,,,,,,,,,,,,,,,,,,,,,,,,,,,,,,,,,,15391558.0,,,,,,,,,,,,,,,,,,,,,,,,,,1565244.0,,,,,,,,,,,,,,,,,,,,,,,,,,1095075.0,,,,,,,,,,,,,,,,,,,,,,,,,,,,,,,,,,,,,,,,,,57040.0,,325425.0,,,,,,,12818048.0,460840.0,,,,,,,,,,,,,,,,,,,4391948.0,,,,,,,,,,,,,,,,,,,,,,,,,88247805.0,,,,,,,,,,,,,,,,,,,,,,,,,,,,,,,,,,,,,,,,,,,,,,,,,,,,,,,,,,,,,,,,,,,,,,7300000.0,,,,,,,,,,,,,,,,,,,,,,,,,,,,,,,,,,,,,,,,,,,,,,,,,,,,,,
42352,GOLDMAN SACHS & CO. LLC ,2002,,,,,,,,,,,,,,,,,,,,,,,,-11033.0,,,,,,,,,,,,,,,,,,,,,,,,,,,,,,,,,,,,,,,,,,,,,,,,,,,,,,,,,,,,,,,,16684405.0,,,,,,,,,,,,,,,,,,,,,143583.0,,,,,,,,5822497.0,,,,,,,,,,,,,,,,,,,,,,,,,,,,,,,,,,2638903.0,,,,,,,,,,,,,,,,,,,,,,,,,,,,,,,,,,4486307.0,,,,,,,,,,,,,,3419440.0,,,,,,,53697113.0,,,,,,,,,42169424.0,,,,,,,,,,,,,,,,,,,,,,,,,28691550.0,,,,,,,,,,,,,,,,,,,,,,,,,,,,,,,,,,,,,,,,,,,,,,,,,,,,,,32233879.0,,,,,,,,,,,,,,,,,,,,,,,,,,,,,,,,,,,,,,,,,,,,,,,,,,,,,,,,,,,,,,,,,,,,,,
42352,GOLDMAN SACHS & CO. LLC ,2003,,,,,,,,,,,,,,,,,,,,,,,21663.0,,,,,,,,,,,,,,,,,,,,,,,,,,,,,,,,,,,,,,,,,,,,,,,,,,,,,,,,,,,,,,,,,15173432.0,,,,,,,,,,,,,,,,,,,,,386380.0,,,,,,,,,,,,,,,,,,,,,,,,,,,,,,,,,,,,,,,,,,2483230.0,,,,,,,,,,,,,,,,,,,,,,,,,,,,,,,,,,4029610.0,,,,,,,,,,,,,,3122873.0,,,,,,,51008246.0,,,,,,,,,48018517.0,,,,,,,,,,,,,,,,,,,,,,,,,48863919.0,,,,,,,,,,,,,,,,,,,,,,,,,,,,,,,,,,,,,,,,,,,,,,,,,,,,,,34352002.0,,,,,,,,,,,,,,,,6522936.0,,,,,,,,,,,,,,,,,,,,,,,,,,,,,,,,,,,,,,,,,,,,,,,,,,,,,,
42352,GOLDMAN SACHS & CO. LLC ,2004,,,,,,,,,,,,,,,,,,,,,,,9280.0,,,,,,,,,,,,,,,,,,,,,,,,,,,,,,,,,,,,,,,,,,,,,,,,,,,,,,,,,,,,,,,,,25490290.0,,,,,,,,,,,,,,,,,,,,,1079186.0,,,,,,,,,,,,,,,,,,,,,,,,,,,,,,,,,,,,,,,,,,3230412.0,,,,,,,,,,,,,,,,,,,,,,,,,,,,,,,,,,3978040.0,,,,,,,,,,,,,,6280957.0,,,,,,,62607146.0,,,,,,,,,84844270.0,,,,,,,,,,,,,,,,,,,,,,,,,33246039.0,,,,,,,,,,,,,,,,,,,,,,,,,,,,,,,,,,,,,,,,,,,,,,,,,,,,,,38176327.0,,,,,,,,,,,,,,,,8805358.0,,,,,,,,,,,,,,,,,,,,,,,,,,,,,,,,,,,,,,,,,,,,,,,,,,,,,,
42352,GOLDMAN SACHS & CO. LLC ,2005,,,,,,,,,,,,,,,,,,,,,,,3419.0,,,,,,,,,,,,,,,,,,,,,,,,,,,,,,,,,,,,,,,,,,,,,,,,,,,,,,,,,,,,,,,,,40404806.0,,,,,,,,,,,,,,,,,,,,,1519157.0,,,,,,,,,,,,,,,,,,,,,,,,,,,,,,,,,,,,,,,,,,4542417.0,,,,,,,,,,,,,,,,,,,,,,,,,,,,,,,,,,4207332.0,,,,,,,,,,,,,,7844614.0,,,,,,,86042195.0,,,,,,,,,100701593.0,,,,,,,,,,,,,,,,,,,,,,,,,47313677.0,,,,,,,,,,,,,,,,,,,,,,,,,,,,,,,,,,,,,,,,,,,,,,,,,,,,,,44011767.0,,,,,,,,,,,,,,,,12000000.0,,,,,,,,,,,,,,,,,,,,,,,,,,,,,,,,,,,,,,,,,,,,,,,,,,,,,,
42352,GOLDMAN SACHS & CO. LLC ,2006,,,,,,,,,,,,,,,,,,,,,,,9156.0,,,,,,,,,,,,,,,,,,,,,,,,,,,,,,,,,,,,,,,,,,,,,,,,,,,,,,,,,,,,,,,,,54946208.0,,,,,,,,,,,,,,,,,,,,,1830898.0,,,,,,,,,,,,,,,,,,,,,,,,,,,,,,,,,,,,,,,,,,5303491.0,,,,,,,,,,,,,,,,,,,,,,,,,,,,,,,,,,4526743.0,,,,,,,,,,,,,,10833266.0,,,,,,,90458341.0,,,,,,,,,134422313.0,,,,,,,,,,,,,,,,,,,,,,,,,118153107.0,,,,,,,,,,,,,,,,,,,,,,,,,,,,,,,,,,,,,,,,,,,,,,,,,,,,,,42888616.0,,,,,,,,,,,,,,,,12500000.0,,,,,,,,,,,,,,,,,,,,,,,,,,,,,,,,,,,,,,,,,,,,,,,,,,,,,,
42352,GOLDMAN SACHS & CO. LLC ,2007,,,,,,,,,,,,,,,,,,,,,,,-19371.0,,,,,,,,,,,,,,,,,,,,,,,,,,,,,,,,,,,,,,,,,,,,,,,,,,,,,,,,,,,,,,115223480.0,,,58788670.0,,,,,,,,,,,,,,,,,,,,,,,,,,,,,,,,,,,,,,,,,,,,,,,,,,,,,,,,,,,,,,,9008488.0,,,,,,,,,,39652563.0,,,,,,,,,,,,,,,,,,,,,,,,4705058.0,,,,,,,,,,,,,,,,,,,,,108235249.0,,,,,,,,,137525636.0,,,,,,,,,,,,,,,,,,,,,,,,,,,,,,,,,,,,,,,,,,,,,,,,,,,,,,,,,,,,,,,,,,,,,,,,,,,,,,,,,,,,,,,,,,,,,,,12500000.0,,,,,,,,,,,,,,,,,,,,,,,,,,,1366357.0,,,,,,,,,9112943.0,13151663.0,,,,,,,,,,,,,,,,,
42352,GOLDMAN SACHS & CO. LLC ,2008,,,,,,,,,,,,,,,,,,,,,,,54029.0,,,,,,,,,,,,,,,,,,,,,,,,,,,,,,,,,,,,,,,,,,,,,,,,,,,,,,,,,,,,,,,118313811.0,,75556600.0,,,,,,,,,,,,,,,,,,,,,,,,,,,,,,,,,,,,,,,,,,,,,,,,,,,,,,,,,,,,,,,9981939.0,,,,,,,,,,,,,,,,,27727406.0,,,,,,,,,,,,,,,,,6193908.0,,,,,,,,,,,,,,20014506.0,,,,,,,179894170.0,,,,,,,,,,,,,,,,,,,,,,,154516453.0,,,,,,,,,,,,,,,,,,,,,,,,,,,,,,,,,,,,,,,,,,,,,,,,,,,,,,,,,,,,,,,,,,,,,,,,,,,,,,,,,18250000.0,,,,,,,,,,,,,,,,,,,,,,,,,,,,,1560215.0,,,,,20795733.0,,,,,,,,,,,,,,,,,,,,
42352,GOLDMAN SACHS & CO. LLC ,2010,,,,,,,,,,,,,,,,,,,,,,,88.0,,,,,,,,,,,,,,,,,,,,,,,,,,,,,,,,,,,,,,,,,,,,,,,,,,,,,,,,,,,,,,,117516.0,,40201.0,,,,,,,,,,,,,,,,,,,,,,,,,,,,,,,,,,,,,,,,,,,,,,,,,,,,,,,,,,,,,,,,,,9972.0,,,,,,,,,,,,,,,,,,,,,,,52197.0,,,,,,,,7111.0,,,,,,,,,,,,,,14429.0,,,,,,,121559.0,,,,,,,,,,,,,,66682.0,,,,,,,,,,,,,,,,,,,,,,,,,,,,,,,,,,,,,,,,,,,,,,,,,,,,,,,,,,,,,,,,,,,,,,,,,,,,,,,,,,,,,,,,,,18250.0,,,,,,,,,,,,,,,,,,,,,,,,,,,,474.0,,,,,,,15276.0,,,,,,,,,,,,,,,,,,,
42352,GOLDMAN SACHS & CO. LLC ,2013,,,,,,,,,,,,,,,,,,,,,,,,,,,,,,,,,,,,,,,,,,,,,,,,,,,,,,,,,,,,,,,,,,,,,,,,,,,,,,,,,,,,,,,,37057.0,,,,,,,,,,,19516.0,,,,,,,,,,,,,,,,,,,,,,,,,,,,,,,,,,,,,,,,,,,,,,,,,,,,5452.0,,,,,,,,,,,,,,,,,,,,,,,,,31850.0,,,,,,,,,8073.0,,,,,,,,,,,,,,11016.0,,,,,,,134687.0,,,,,,,,,,,,,,,,,73293.0,,,,,,,,,,,,,,,,,,,,,,,,,,,,,,,,,,,,,,,,,,,,,,,,,,158649.0,,,,,,,,,,,,,,,,,,,,,,,,,,,,,,,,,,,,,21500.0,,,,,,,,,,,,,,,,,,,,,,,,,,,,,,,,,,,,,,,,,,,,,,,,,,,,,,
42352,GOLDMAN SACHS & CO. LLC ,2014,,,,,,,,,,,,,,,,,,,,,,,3.0,,,,,,,,,,,,,,,,,,,,,,,,,,,,,,,91378.0,,,,,,,,,,,,,,,,,,,,,,,,,,,,,,,,,,48822.0,,,,,,,,,,,,,,,,,,,,,,,,,,,,,,,,,,,,,,,,,,,,,,,,,,,,,,,,,,,,,,,6715.0,,,,,,,,,,,,,,,,,,,,,,,,,,,,29307.0,,,,,,9895.0,,,,,,,,,,,,,,8556.0,,,,,,,139602.0,,,,,,,,,,,,,,,,,,,,,,,,,,,,,,,,,,,,,,,,,,,,,,,,,,,,,,,,,,,,,,,,,,,134784.0,,,,,,,,,,,,,,,,,,,,,,,,,,,,,,,,,,,,,21500.0,,,,,,,,,,,,,,,,,,,,,,,,,,,25.0,,,,33939.0,,,,,,,,,,,,,,,,,,,,,,,
42352,GOLDMAN SACHS & CO. LLC ,2015,,,,,,,,,,,,,,,,,,,,,,,,,,,,,,,,,,,,,,,,,,,,,,3536.0,,,,,,,,,,,,,,,,,,,,,,,,,,,,,,,149046.0,,,,,,,,,,,44151.0,,,,,,,,,,,,,,,,,,,,,,,,,,,,,,,,,,,,,,,,,,,,,,,,,,,,,,,,,,,,,,,9572.0,,,,,,,,,,,,,,,45566.0,,,,,,,,,,,,,,,,,,,11378.0,,,,,,,,,,,,,,,,,,,,,,,,,,,,,,,,,,,,,,,81510.0,,,,,,,,,,,,,,,,,,,,,,,,,,,,,,,,,,,,,,,,,,,,,,,,,105551.0,,,,,,,,,,,,,,,,,,,,,,,,,,,,,,,,,,,,,18500.0,,,,,,,,,,,,,477076.0,,,,11377.0,,,,,,,,,,31.0,,,,,,8236.0,,,,,,,,,,,,,,,,,,,,,
42352,GOLDMAN SACHS & CO. LLC ,2016,,,,,,,,,,,,,,,,,,,,,,,,,,,,,,,,,,,,,,,,,,,,,,1666.0,,,,,,,,,,,,,,,,,,,,,,,,,,,,,,,148850.0,,,,,,,,,,,45003.0,,,,,,,,,,,,,,,,,,,,,,,,,,,,,,,,,,,,,,,,,,,,,,,,,,,,,,,,,,,,,,,11537.0,,,,,,,,,,,,,,55530.0,,,,,,,,,,,,,,,,,,,,,,,,,,,,,,,,,,,,,,,,,,,,,,,,,,,,,,,,53562.0,,,,,,,,,,,,,,,,,,,,,,,,,,,,,,,,,,,,,,,,,,,,,,,,,,,,103805.0,,,,,,,,,,,,,,,,,,,,,,,,,,,,,,,,,,,,,18500.0,,,,,,,,,,,,,,,,,,,,,,,,,,,25.0,,,6369.0,,,,,,,,,,,,,,,,,,,,,,,,
42352,GOLDMAN SACHS & CO. LLC ,2017,,,,,,,,,,,,,,,,,,,,,,,14.0,,,,,,,,,,,,,,,,,,,,,,,4244.0,,,,,,,,,,,,,,,,,,,,,,,,,,,,,,,138363.0,,,,,,,,,,,,,,,,,,,43406.0,,,,,,,,,,,,,,,,,,,,,,,,,,,,,,,,,,,,,,,,,,,,,,,,,,,,,,,8619.0,,,,,,,,,,,,,,,,,,,,,,,,,,,54645.0,,,,,,,11595.0,,,,,,,,,,,,,,,,,,,,,,,,,,,,,,,,46697.0,,,,,,,,,,,,,,,,,,,,,,,,,,,,,,,,,,,,,,,,,,,,,,,,,,,,,,,,91297.0,,,,,,,,,,,,,,,,,,,,,,,,,,,,,,,,,,,,,18500.0,,,,,,,,,,,,,,,,,,,,,,,,,,,25.0,,,,,7244.0,,,,,,,,,,,,,,,,,,,,,,
42352,GOLDMAN SACHS & CO. LLC ,2018,,,,,,,,,,,,,,,,,,,,,,,18.0,,,,,,,,,,,,,,,,,,,,,,,5622.0,,,,,,,,,,,,,,,,,,,,,,,,,,,,,,,125704.0,,,,,,,,,,34685.0,,,,,,,,,,,,,,,,,,,,,,,,,,,,,,,,,,,,,,,,,,,,,,,,,,,,,,,,,,,,,,,,6481.0,,,,,,,,,,,,,57940.0,,,,,,,,,,,,,,,,,,,,,,,,,,,,,,,,,,,,,,,,,,,,,,,,,,,,57311.0,,,,,,,,,,,,,,,,,,,,,,,,,111269.0,,,,,,,,,,,,,,,,,,,,,,,,,,,,,,,,,,,,,,,,,,,,,,,,,,,,,,,,,,,,,,,,,,,,,18500.0,,,,,,,,,,,,,,,,,,,,,,,,,,,,,,25401.0,,,,,,,,,,,,,,,,,,,,,,,,
42352,GOLDMAN SACHS & CO. LLC ,2019,,,,,,,,,,,,,,,,,,,,,,,,,,,,,,,,,,,,,,,,,,,,,,3892.0,,,,,,,,,,,,,,,,,,,,,,,,,,,,,,,128471.0,,,,,,,,,,27419.0,,,,,,,,,,,,,,,,,,,,,,,,,,,,,,,,10517.0,,,,,,,,,,,,,,,,,,,,,,,,,7155.0,,,,,,,,,,,,,,,,,,,,,,,,,,,,,,,27625.0,,,,,,,,,,,,,,,,,,,,,,,,,,,,,,,,,,,,,,,,,,,65556.0,,,,,,,,,,,,,,,,,,,,,,,105709.0,,,,,,,,,,,,,,,,,,,,,,,,,,,,,,,,,,,,,,,,,,,,,,,,,,,,,,,,,,,,,,,,,,,,,18500.0,,,,,,,,,,,,,,,,,,,,,,,,,,,25.0,,,21796.0,,,,,,,,,,,,,,,,,,,,,,,,
58056,DEUTSCHE BANK SECURITIES INC. ,2002,,,,,,,,,,,,,,,,,,,,,,,,,,,,,,,,,,,,,,,,,,,,,,,,,,,,,,,,,,,,,,,,,,,,,,,,,,,2505128.0,,,,,,,,,,,,,,,,,,,,,,,,,,,,,,,,,,,,,,,,,,,,,,,,,,,,,,,,,,,,,,,,,,,,,3910293.0,,,,,,,,,,,,,,,,,,,,,,,,,,,,,,,,,,,,,,,,,,,,,,8241727.0,,,,,5212726.0,,,,,,,,,,,,,,,,,,,,14269885.0,,,,,,,,,,,,,,,,,,,,,,,,,69418896.0,,,,,,,,,,,,,,,,,,,,,,,,,,,,,,,,,,,,,,,,,,,,,,,,,,,,,,13674896.0,,,,,,380.0,6583341.0,,,,,,,1749050.0,,,,,,,,1382094.0,,,,,,,,,,,,,,,12598680.0,,,,,,,,,,,,,,,,,,,,,,,,,,,,,,,,,
58056,DEUTSCHE BANK SECURITIES INC. ,2003,,,,,,,,,,,,,,,,,,,,,,,,,,,,,,,,,,,,,,,,,,,,,,,,,,,,,,,,,,,,,,,,,,,,,,,,,,,2697809.0,,,,,,,,,,,,,,,,,,,,,,,,,,,,,,,,,,,,,,,,,,,,,,,,,,,,,,,,,,,,,,,,,,,,,5828207.0,,,,,,,,,,,,,,,,,,,,,,,,,,,,,,,,,,,,,,,,,,,,,,4884267.0,,,,,4476196.0,,,,,,,,,,,,,,,,,,,,12780355.0,,,,,,,,,,,,,,,,,,,,,,,,,77579545.0,,,,,,,,,,,,,,,,,,,,,,,,,,,,,,,,,,,,,,,,,,,,,,,,,,,,,,15532764.0,,,,,,245.0,4504012.0,,,,,,,,1360206.0,,,,,,,993494.0,,,,,,,,,,,,,,,19432720.0,,,,,,,,,,,,,,,,,,,,,,,,,,,,,,,,,
58056,DEUTSCHE BANK SECURITIES INC. ,2004,,,,,,,,,,,,,,,,,,,,,,,,,,,,,,,,,,,,,,,,,,,,,,,,,,,,,,,,,,,,,,,,,,,,,,,,,,,2321369.0,,,,,,,,,,,,,,,,,,,,,,,,,,,,,,,,,,,,,,,,,,,,,,,,,,,,,,,,,,,,,,,,,,,,,4097769.0,,,,,,,,,,,,,,,,,,,,,,,,,,,,,,,,,,,,,,,,,,,,,,9575200.0,,,,,9760089.0,,,,,,,,,,,,,,,,,,,,29136391.0,,,,,,,,,,,,,,,,,,,,,,,,,89159573.0,,,,,,,,,,,,,,,,,,,,,,,,,,,,,,,,,,,,,,,,,,,,,,,,,,,,,,25130128.0,,,,,,2578.0,4574914.0,,,,,,,,3444942.0,,,,,,,2493400.0,,,,,,,,,,,,,,,29019701.0,,,,,,,,,,,,,,,,,,,,,,,,,,,,,,,,,
58056,DEUTSCHE BANK SECURITIES INC. ,2005,,,,,,,,,,,,,,,,,,,,,,,,,,,,,,,,,,,,,,,,,,,,,,,,,,,,,,,,,,,,,,,,,,,,,,,,,,,2522813.0,,,,,,,,,,,,,,,,,,,,,,,,,,,,,,,,,,,,,,,,,,,,,,,,,,,,,,,,,,,,,,,,,,,,,4461973.0,,,,,,,,,,,,,,,,,,,,,,,,,,,,,,,,,,,,,,,,,,,,,,6729058.0,,,,,15279336.0,,,,,,,,,,,,,,,,,,,,44798869.0,,,,,,,,,,,,,,,,,,,,,,,,,110917262.0,,,,,,,,,,,,,,,,,,,,,,,,,,,,,,,,,,,,,,,,,,,,,,,,,,,,,,16887411.0,,,,,,1258.0,,,,,,,,,4509732.0,,,,,,,2973400.0,,,,,,,,,,,,,4809889.0,,39387303.0,,,,,,,,,,,,,,,,,,,,,,,,,,,,,,,,,
58056,DEUTSCHE BANK SECURITIES INC. ,2006,,,,,,,,,,,,,,,,,,-2869261.0,,,,,,,,,,,,,,,,,,,,,,,,,,,,,,,,,,,,,,,,,,,,,,,,,,,,,,,,,3202880.0,,,,,,,,,,,,,,,,,,,,,,,,,,,,,,,15529289.0,,,,,,,,,,,,,,,,,,,,,,,,,,,,,,,,,,,,,,6418376.0,,,,,,,,,,,,,,,,,,,,,,,,,,,,,,,,,,,,,,,7544866.0,,,,,,,,,,,,12661530.0,,,,,2461415.0,,,,,,,,,,,,,,,46602654.0,,,,,,,,,,,,,,,,,,,,,,,,,,,,,,,,,,,,,,,,,,,,,,,,,,,,,,,,,,,143263113.0,,,,,,,,,,,,,,,,,,,,,,,,,,1340.0,,,,,,,,,4677217.0,,,,,,,4273400.0,,,,,,,,,264444724.0,,,,4675607.0,,20677903.0,,,,,,,,,,,,,,,,,,,,,,,,,,,,,,,,,
58056,DEUTSCHE BANK SECURITIES INC. ,2007,,,,,,,,,,,,,,,,,,,,,,,,,,,,,,,,,,,,,,,,,,,,,,,,5205965.0,,,,,,,,,,,,,,,,,,,,,,,,,,,,8.746986,,,,,,,,,,,,,,34599449.0,,,,,,,,,,,,,,,,,,,,,,,,,,,,,,,,,,,,,,,,,,,,,24232937.0,,,,,,,,,10436948.0,,,,,,,,,,,,,,,,,,,,,,,,,,,,,,,,,,,,,,,,,,,,,,,,,,,,,,,,,,,,,,,,,,,,,,,37371496.0,,,,,,,,,,,,,,,,,,,,,,,,,185665022.0,,,,,,,,,,,,,,,,,,,,,,,,,,,,,,,,,,,,,,,,,,,,,,,,,,,,,,,,,,,,,6388519.0,,,,,,,,,,,,,,,5223400.0,,,,,306258803.0,,,,,,,,,,,,,,,,,,,,,,,,,,,,,,,,,,,,,,,,,,,
58056,DEUTSCHE BANK SECURITIES INC. ,2008,,,,,,,,,,,,,,,,,,,,,,,,,,,,,,,,,,,,,,,,,,,,,,,,10092934.0,,,,,,,,,,,,,,,,,,,,,,,,,,,,11614918.0,,,,,,,,,,,,,,33320616.0,,,,,,,,,,,,,,,,,,,,,,,,,,,,,,,,,,,,,,,,,,,,,25213983.0,,,,,,,,,17032466.0,,,,,,,,,,,,,,,,,,,,,,,,,,,,,,,,,,,,,,,,,,,,,,,,,,,,,,,,,,,,,,,,,,,,,,,36426213.0,,,,,,,,,,,,,,,,,,,,,,,,,368055933.0,,,,,,,,,,,,,,,,,,,,,,,,,,,,,,,,,,,,,,,,,,,,,,,,,,,,,,,,,,,,,11300167.0,,,,,,,,,,,,,,,6723400.0,,,,,,,,,,,,,,,,,,,,,,,,,,,,,,,,,,,,,,,,,,,,,,,,
58056,DEUTSCHE BANK SECURITIES INC. ,2009,,,,,,14293432.0,,,,,,,,,,,,,,,,,,,,,,,,,,,,,,,,,,,,,,,,,,3090826.0,,,,,,,,,,,,,,,,,,,,,,,,,,,,9960573.0,,,,,,,,,,,,20666438.0,,,,,,,,,,,,,,,,,,,,,,,,,,,,,,,,,,,,,,,,,,,,,,,24022779.0,,,,,,,,,17819041.0,,,,,,,,,,,,,,,,,,,,,,,,,,,,,,,,,,,,,,,,,,,,,,,,,,,,,,,,,,,,,,,,,,139422112.0,,,,,,,,,,,,,,,,,,,,,,,,,,,,,,,,,,,,,,,,,,,,,,,,,,,,,,,,,,,,,,,,,,,,,,,,,,,,,,,,,,,,,,,,,,,8414677.0,,,,,,,,,,,,,,,6723400.0,,,,,,,,,,,,,,,,,,,,,,,,,,,,,,,,,,,,,,,,,,,,,,,,
58056,DEUTSCHE BANK SECURITIES INC. ,2010,,,,,,,11749107.0,,,,,,,,,,,,,,,,,,,,,,,,,,,,,,,,,,,,,,,,,7869576.0,,,,,,,,,,,,,,,,,,,,,,,,,,,,11730532.0,,,,,,,,,,,,29184920.0,,,,,,,,,,,,,,,,,,,,,,,,,,,,,,,,,,,,,,,,,,,,,,,33221333.0,,,,,,,,,26002591.0,,,,,,,,,,,,,,,,,,,,,,,,,,,,,,,,,,,,,,,,,,,,,,,,,,,,,,,,,,,,,,,,,,,112324745.0,,,,,,,,,,,,,,,,,,,,,,,,,,,,,,,,,,,,,,,,,,,,,,,,,,,,,,,,,,,,,,,,,,,,,,,,,,,,,,,,,,,,,,,,,,10886862.0,,,,,,,,,,,,,,,6723400.0,,,,,,,,,,,,,,,,,,,,,,,,,,,,,,,,,,,,,,,,,,,,,,,,
58056,DEUTSCHE BANK SECURITIES INC. ,2012,,,,,,,,41569261.0,,,,,,,,,,,,,,,,,,,,,,,,,,,,,,,,,,,,,,,,3206057.0,,,,,,,,,,,,,,,,,,,,,,,,,,,,11377395.0,,,,,,,,,,,,,25202486.0,,,,,,,,,,,,,,,,,,,,,,,,,,,,,,,,,,,,1928765.0,,,,,,,,,,9355940.0,,,,,,,,,,,,,,,,,,,,,,,,,,,,,,,,,,,,,,,,,,,,,,,,,,,,,,,,,,,,,,,,,,,,,,,,,,,,,,129374546.0,,,,,,,,,,,,,,,,,,,,,,,,,,,,,,,,,,,,,,,,,,,,,,,,,,,,,,,,,,,,,,,,,,,,,,,,,,,,,,,,,,,,,,,,11382205.0,,,,,,,,,,,,,,,6723400.0,,,,,225973793.0,,,,,,,,,,,,,,,,,,,,,,,,,,,,,,,,,,,,,,,,,,,
58056,DEUTSCHE BANK SECURITIES INC. ,2013,,,,,,,,,42907.0,,,,,,,,,,,,,,,,,,,,,,,,,,,,,,,,,,,,,,,2732.0,,,,,,,,,,,,,,,,,,,,,,,,,,,,14589.0,,,,,,,,,,,,22281.0,,,,,,,,,,,,,,,,,,,,,,,,,,,,,,,,,,,,,529.0,,,,,,,,,,6597.0,,,,,,,,,,,,,,4496.0,,,,,,,,,,,,,,,,,,,,,,,,,,,,,,,,,,,,,,,,,,,,,,,,,,,,,,,,,,,,,,,127208.0,,,,,,,,,,,,,,,,,,,,,,,,,,,,,,,,,,,,,,,,,,,,,,,,,,,,,,,,,,,,,,,,,,,,,,,,,,,,,,,,,,,,,,,,,11984.0,,,,,,,,,,,,,,,6723.0,,,,,,,,,,,,,,,,,,,,,,,,,,,,,,,,,,,,,,,,,,,,,,,,
58056,DEUTSCHE BANK SECURITIES INC. ,2014,,,,,,,,,,,,,,,,,,,,,,,,,,,,,,,,,,,,,,,,,,,,,,,,7538.0,,,,,,,,,,,,,,,,,,,,,,,,,,,,16349.0,,,,,,,,,,,,23453.0,,,,,,,,,,,,,,,,,,,,,,,,,,,,,,,,,,,,,1744.0,,,,,,,,,,4823.0,,,,,,,,,,,,,11098.0,,,,,,,,,,,,,,,,,,,,,,,,,,,,,,,,,,,,,,,,,,,,,,,,,,,,,,,,,,,,,,,,,,,,,,,,,,,,,,39477.0,,,,,,,,,,,,,,,,,,,,,,,,,,,,,,104362.0,,,,,,,,,,,,,,,,,,,,,,,,,,,,,,,,,,,,,,,,,,,,,11884.0,,,,,,,,,,,,,,,6723.0,,,,,,,,,,,,,,,,,,,,,,,,,,,,,,,,,,,,,,,,,,,,,,,,
58056,DEUTSCHE BANK SECURITIES INC. ,2015,,,,,,,,,,,,,,,,,,-2636.0,,,,,,,,14528.0,,,,,,,,,,,,,,,,,,,,,,3972.0,,,70582.0,,,,,,,,,,,,,,,,0.0,,,,,,,,,18263.0,,,,,,,,,,,,18712.0,,,,,,,,,,,,,,,,,3394.0,,,,,,,,,,,,,,,,,,,,1307.0,,,,,,,,,,,,,,,,,,,,5297.0,,,,,,,,,,,,,,,,,,,,,,,,,,,,,,,,,,,,,,,,,,,,,,,,,,,,,,,,,,,,,,,,,,,,,,,,,,,,,,,,,,,,,,,,,,,,,,,,,,,,,,,,,,,,,,,,,,,,,,,,,,,,,,,,,,,,,,,,,,,,,,,,,,,,,,,,,,,,,,,,,,,,,,,,,,,6723.0,,,,,,,,,,,,,,,,,,,,,,,,,,,,,,,,,33496.0,,,,,,,,,,,,,,,
58056,DEUTSCHE BANK SECURITIES INC. ,2016,,,,,,,,,,,,,,,,,,-3289.0,,,,,,,,,,,,,,,,,,,,,,,,,,,,,,3627.0,,63857.0,,,,,,,,,,,,,,,,0.0,,,,,,,,,,16342.0,,,,,,,,,,,,18508.0,,,,,,,,,,,,,,,,,3070.0,,,,,,,,,,,,,,,,,,,,583.0,,,,,,,,,,,,,,,,,,,,,3670.0,,,,,,,,,,,,,,,,,,,,,,,,,,,,,,,,,,,,,,,,,,,,,,,,,,,,,,,,,,,,,,,,,,,,,,,,,,,,,,,,,,,,,,,,,,,,,,,,,,,,,,,,,,,,,,,,,,,,,,,,,,,,,,,,,,,,,,,,,,,,,,,,,,,,,,,,,,,,,,,,,,,,,,,,,,6723.0,,,,,,,,,,,,,,,,,,,,,,,,,,,,,,,,32713.0,,,,14521.0,,,,,,,,,,,,
58056,DEUTSCHE BANK SECURITIES INC. ,2017,,,,,,,,,,,,,,,,,,-4014.0,,,,,,,,14575.0,,,,,,,,,,,,,,,,,,,,,,2479.0,,,,,,,,,,,,,,,,,,,0.0,,,,,,,,,7217.0,,,,,,,,,,,,16040.0,,,,,,,,,,,,,,,,,5957.0,,,,,,,,,,,,,,,,,,,,6715.0,,,,,,,,,,,,,,,,,,,,,,3359.0,,,,,,,,,,,,,,,,,,,,,,,,,,,,,,,,,,,,,,,,,,,,,,,,,,,,,,,,,,,,,,,,,,,,,,,,14520.0,,,,,,,,,,,,,,,,,,,,,,,,,,,,,62512.0,,,,,,,,,,,,,,,,,,,,,,,,,,,,,,,,,,,,,,,,,,,,,,,,,,,,,,,,,,,,,,,,,,,,6723.0,,,,,,,,,,,,,,,,,,,,,,,,,,,,,,,,,,,,,,,,,,,,,,,,
58056,DEUTSCHE BANK SECURITIES INC. ,2018,,15124.0,,,,,,,,,,,,,,,,-4640.0,,,,,,,,,,,,,,,,,,,,,,,,,,,,,,2306.0,,,,41854.0,,,,,,,,,,,,0.0,,,,,,,,,,,,8528.0,,,,,,,,,,,,17699.0,,,,,,,,,,,,,,,,,2375.0,,,,,,,,,,,,,,,,,,,,715.0,,,,,,,,,,,,,,,,,,,,,,,,,3428.0,,,,,,,,,,,,,,,,,,,,,,,,,,,,,,,,,,,,,,,,,,,,,,,,,,,,,,,,,,,,,,,,,,,,,,,,,,,,,,,,,,,,,,,,,,,,,,,,,,,,,,,,,,,,,,,,,,,,,,,,,,,,,,,,,,,,,,,,,,,,,,,,,,,,,,,,,,,,,,,,,,,,,,6723.0,,,,,,,,,,,,,,,,,,,,,,,,,,,,,,,,,,,,,,,13979.0,,,,,,,,,
58056,DEUTSCHE BANK SECURITIES INC. ,2019,15288.0,,,,,,,,,,,,,,,,,,,,,,,,,,,,,,,,,,,,,,,,,,,,,,,1016.0,,,,,43528.0,,,,,,,,,,,,0.0,,,,,,,,,,,2745.0,,,,,,,,,,,,9071.0,,,,,,,,,,,,,,,,,2828.0,,,,,,,,,,,,,,,,,,,,3826.0,,,,,,,,,,,,,,,,,,,2042.0,,,,,,,,,,,,,,,,,,,,,,,,,,,,,,,,,,,,,,,,,,,,,,,,,,,,,,,,,,,,,,,,,,,,,,,,,,,,,,,,,,,,,,,,8328.0,,,,,,,,,,,,,,,,,,,,,,,,,,,,,,,,,,,,,,,,,,,,,,,,,,,,,,,,,,,,,,,,,,,,,,,,,,,,,,,,,,,,6723.0,,,,,,,,,90946.0,,,,10839.0,,,,,,,,,,,,,,,,,,,,,,,,,,,,,,,,,,,
58056,DEUTSCHE BANK SECURITIES INC. ,2020,,15388.0,,,,,,,,,,,,,,,,-4122.0,,,,,,,,,,,,,,,,,,,,,,,,,,,,,,580.0,,,,,,,,,,,,,,,,,,,,,,,,,,,,1635.0,,,,,,,,,,,,12079.0,,,,,,,,,,,,,,,,,4826.0,,,,,,,,,,,,,,,,,,,,3542.0,,,,,,,,,,,,,,,,,,,2589.0,,,,,,,,,,,,,,,,,,,,,,,,,,,,,,,,,,,,,,,,,,,,,,,,,,,,,,,,,,,,,,,,,,,,,,,,,,,,,,,,,,,,,,,6262.0,,,,,,,,,,,,,,,,,,,,,,,,,,,,,,,,,,,,37292.0,,,,,,,,,,,,,,,,,,,,,,,,,,,,,,,,,,,,,,,,,,,,,,,,,,,,,,,,,,,,,,,,,,,,,,,,,,,,,,,,,,,,,,,,,,,,,,,,,
68136,MORGAN STANLEY & CO. LLC ,2002,,,,,,,,,,,,,,,,,,,,,,,,,,,,11199128.0,,,,,,,,,,,,,,,,,,7020562.0,,,,,,,,,,,,,,,,,,,,,,,,,2414931.0,,,,,72254991.0,,,,1682209.0,,,2858477.0,,,,,,,,,,,,,,,516813.0,,,,,,,,,,,,,,,,,,,,,,,,,,,,,,,,13098203.0,,,,,392617.0,,,,,,,,,,,,,,,,3974702.0,,,,,,,,,,,,,,,,,,,,,,,,,,,,,,,260922.0,,,,,,,,,,,,,,,,,,,,,,,,,,,4000603.0,,,,,,43763517.0,,,,,,,,,,,,,,,,,,,,,,,,,88718347.0,,,,,,,,,,,,,,,,,,,,,,,,,,,,,,,,,,,,,,,,,,,,,,,,,,,,,,,,,,,,,,,,,,,,,,,,,,,,4145250.0,,,,,,,,,267625461.0,,,,4261550.0,,,,,11324164.0,,,,,,,,,,,,,,,,,,,,,,,,,,,,,,
68136,MORGAN STANLEY & CO. LLC ,2003,,,,,,,,,,,,,,,,,,,,,,,,,,,,11862097.0,,,,,,,,,,,,,,,,,,5425605.0,,,,,,,,,,,,,,,,,,,,,,,,,4384579.0,,,3407116.0,,60546073.0,,,,1660702.0,,,,,,,,,,,,,,,,,,611207.0,,,,,,,,,,,,,,,,,,,,,,,,,,,,,,,,11938059.0,,,,,338774.0,,,,,,,,,,,,,,,,2854143.0,,,,,,,,,,,,,,,,,,,,,,,,,,,,,,,260922.0,,,,,,,,,,,,,,,,,,,,,,,,,,,4403607.0,,,,,,53701020.0,,,,,,,,,,,,,,,,,,,,,,,,,91715551.0,,,,,,,,,,,,,,,,,,,,,,,,,,,,,,,,,,,,,,,,,,,,,,,,,,,,,,,,,,,,,,,,,,,,,,,,,,,,4145250.0,,,,,,,,,,,,,4664554.0,,,,,8079526.0,,,,,,,,,,,,,,,,,,,,,,,,,,,,,,
68136,MORGAN STANLEY & CO. LLC ,2004,,,,,,,,,,,,,,,,,,,,,,,,,,,,13962709.0,,,,,,,,,,,,,,,,,,13158450.0,,,,,,,,,,,,,,,,,,,,,,,,,7366661.0,,,6441100.0,,56644203.0,,,,3733189.0,,,,,,,,,,,,,,,,,,813578.0,,,,,,,,,,,,,,,,,,,,,,,,,,,,,,,,27155496.0,,,,,425831.0,,,,,,,,,,,,,,,,4275201.0,,,,,,,,,,,,,,,,,,,,,,,,,,,,,,,260922.0,,,,,,,,,,,,,,,,,,,,,,,,,,,4608370.0,,,,,,73338528.0,,,,,,,,,,,,,,,,,,,,,,,,,85278919.0,,,,,,,,,,,,,,,,,,,,,,,,,,,,,,,,,,,,,,,,,,,,,,,,,,,,,,,,,,,,,,,,,,,,,,,,,,,,4049500.0,,,,,,,,,310888.679,,,,4869317.0,,,,,9375997.0,,,,,,,,,,,,,,,,,,,,,,,,,,,,,,
68136,MORGAN STANLEY & CO. LLC ,2005,,,,,,,,,,,,,,,,,,,,,,,,,,,,19623740.0,,,,,,,,,,,,,,,,,,17366813.0,,,,,,,,,,,,,,,,,,,,,,,,,3435869.0,,,6487927.0,,68306907.0,,,,7933294.0,,,,,,,,,,,,,,,,,,1309988.0,,,,,,,,,,,,,,,,,,,,,,,,,,,,,,,,37568640.0,,,,,460502.0,,,,,,,,,,,,,,,,3448540.0,,,,,,,,,,,,,,,,,,,,,,,,,,,,,,,713913.0,,,,,,,,,,,,,,,,,,,,,,,,,,,4517250.0,,,,,,115859991.0,,,,,,,,,,,,,,,,,,,,,,,,,109750673.0,,,,,,,,,,,,,,,,,,,,,,,,,,,,,,,,,,,,,,,,,,,,,,,,,,,,,,,,,,,,,,,,,,,,,,,,,,,,4806500.0,,,,,,,,,412415148.0,,,,5231188.0,,,,,10824576.0,,,,,,,,,,,,,,,,,,,,,,,,,,,,,,
68136,MORGAN STANLEY & CO. LLC ,2006,,,,,,,,,,,,,,,,,,,,,,,,,,,,25589013.0,,,,,,,,,,,,,,,,,,11631223.0,,,,,,,,,,,,,,,,,,,,,,,,,3003138.0,,,8640230.0,,61596540.0,,,,8002070.0,,,,,,,,,,,,,,,,,,1631059.0,,,,,,,,,,,,,,,,,,,,,,,,,,,,,,,,43312089.0,,,,,554676.0,,,,,,,,,,,,,,,,4209586.0,,,,,,,,,,532110.0,,,,,,,,,,,,,,,,,,,,,738237.0,,,,,,,,,,,,,,,,,,,,,,,,,,,4494633.0,,,,,,139059757.0,,,,,,,,,,,,,,,,,,,,,,,,,167791701.0,,,,,,,,,,,,,,,,,,,,,,,,,,,,,,,,,,,,,,,,,,,,,,,,,,,,,,,,,,,,,,,,,,,,,,,,,,,,6306500.0,,,,,,,,,501699713.0,,,,5232895.0,,,,,,14607126.0,,,,,,,,,,,,,,,,,,,,,,,,,,,,,
68136,MORGAN STANLEY & CO. LLC ,2007,,,,,,,,,,,,,,,,,,,,,,,,,,,,41854038.0,,,,,,,,,,,,,,,,,,19774331.0,,,,,,,,,,,,,,,,,,,,,,,,,2933976.0,,,12161626.0,,67667727.0,,,,7847542.0,,,,,,,,,,,,,,,,,,931024.0,,,,,,,,,,,,,,,,,,,,,,,,,,,,,,,,62821183.0,,,,,265985.0,,,,,,,,,,,,,,,,5312744.0,,,,,,,,,,2104097.0,,,,,,,,,,,,,,,,,,,,,738237.0,,,,,,,,,,,,,,,,,,,,,,,,,,,4781226.0,,,,,,161728730.0,,,,,,,,,,,,,,,,,,,,,,,,,168021827.0,,,,,,,,,,,,,,,,,,,,,,,,,,,,,,,,,,,,,,,,,,,,,,,,,,,,,,,,,,,,,,,,,,,,,,,,,,,,6225000.0,,,,,,,,,583404825.0,,,,5519488.0,,,,,,18235507.0,,,,,,,,,,,,,,,,,,,,,,,,,,,,,
68136,MORGAN STANLEY & CO. LLC ,2009,,,,,,,,,,,,,,,,,,,,,,,15627.0,,,,,13322095.0,,,,,,,,,,,,,,,,,,9804835.0,,,,,,,,,,,,,,,,,,,,,,,,,1577838.0,,,9003572.0,,85758866.0,,,,10087533.0,,,,,,,,,,,,,,,,,,291044.0,,,,,,,,,,,,,,,,,,,,,,,,,,,,,,,,,5168112.0,,,,853712.0,,,,,,,,,,,,,,,,4720452.0,,,,,,,,,,,,,,,,,,,,,,,,,,,,,629932.0,261577.0,4028024.0,,,,,,,,,,,,,,,,,,,,,,,,,20000.0,,1696267.0,,,,,,40022911.0,,,,,,,,,,,,,,,,,,,,,,,,,87619515.0,,,,,,,,,,,,,,,,,,,,,,,,,,,,,,,,,,,,,,,,,,,,,,,,,,,,,,,,,,,,,,,,,,,,,,,,,,,,14625000.0,,,,,,,,,297422286.0,,,,5759943.0,,,,,,7915349.0,,,,,,,,,,,,,,,,,,,,,,,,,,,,,
68136,MORGAN STANLEY & CO. LLC ,2010,,,,,,,,,,,,,,,,,,,,,-438.095,,,,,,,12086159.0,,,,,,,,,,,,,,,,,,11353977.0,,,,,,,,,,,,,,,,,,,,,,,,,2343316.0,,,7320414.0,,83586181.0,,,,4543770.0,,,,,,,,,,,,,,,,,,389027.0,,,,,,,,,,,,,,,,,,,,,,,,,,,,,,,,,13537342.0,,,,368346.0,,,,,,,,,,,,,,,,4124696.0,,,,,,,,,,,,,,,,,,,,,,,,,,,,,853823.0,269034.0,,,,,,,,,,,,,,,,,,,,,,,,,,,,3760705.0,,,,,,41821772.0,,,,,,,,,,,,,,,,,,,,,,,,,197615385.0,,,,,,,,,,,,,,,,,,,,,,,,,,,,,,,,,,,,,,,,,,,,,,,,,,,,,,,,,,,,,,,,,,,,,,,,,,,,9525000.0,,,,,,,,,413032207.0,,,,8269656.0,,,,,,15024309.0,,,,,,,,,,,,,,,,,,,,,,,,,,,,,
68136,MORGAN STANLEY & CO. LLC ,2011,,,,,,,,,,,,,,,,,,,,,,,,-448842.0,,,,9787469.0,,,,,,,,,,,,,,,,,,10068563.0,,,,,,,,,,,,,,,,,,,,,,,,,3641043.0,,,5437990.0,,88608710.0,,,6528207.0,,,,,,,,,,,,,,,,,,,210983.0,,,,,,,,,,,,,,,,,,,,,,,,7500.0,,,,,,,,,21111404.0,,,,2208284.0,,,,,,,,,,,,,,,,1845445.0,,,,,,,,,,,,,,,,,,,,,,,591842.0,,,,,,,318987.0,4943077.0,,,,,,,,,,,,,,,,,,,,,,,,,,,5200509.0,,,,,,29242755.0,,,,,,,,,,,,,,,,,,,,,,,,,,,,,,,,,,,,,,,,,,,,,,,,,,151374633.0,,,,,,,,,,,,,,,,,,,,,,,,,,,,,,,,,,,,,,,,,,,,,,,,,,,10025000.0,,9694769.0,,,,,,,372537340.0,,,,,,,,21833756.0,,,,,,,,,,,,,,,,,,,,,,,,,,,,,,,
68136,MORGAN STANLEY & CO. LLC ,2012,,,,,,,,,,,,,,,,,,,,,,,,-215535.0,,,,10740771.0,,,,,,,,,,,,,,,,,,11092224.0,,,,,,,,,,,,,,,,,,,,,,,,,2852494.0,,,6131884.0,,70946461.0,,,6516021.0,,,,,,,,,,,,,,,,,,,188068.0,,,,,,,,,,,,,,,,,,,,,,,9508966.0,,,3750.0,,,,,,,15364262.0,,,,,1691515.0,,,,,,,,,,,,,,,13810315.0,,,,,,,,,,,,,,,,,,2778572.0,,,,,,,,,,,,1151449.0,,,,,,,,,,,,,,,,,,,,,,,,,,,,,,,,,,36252902.0,,,,,,,,,,,,,,,,,,,,,,,,,,,,,,,,,,,,,137255044.0,,,,,,,,,,,,,,,,,,,,,,,,,,,,,,,,,,,,,,,,,,,,,,,,,,,,,,,,,,,,,,,,10025000.0,,,,,,,,,,,,,,,,,16198963.0,,,,,,,,,,,,,,,,,,,,,,,,,,,,,,,
68136,MORGAN STANLEY & CO. LLC ,2013,,,,,,,,,,,,,,,,,,,,,,,,-461370.0,,,,8278660.0,,,,,,,,,,,,,,,,,,2828175.0,,,,,,,,,,,,,,,,,,,,,,,,,2983607.0,,,3289007.0,,84731644.0,,,,4098091.0,,,,,,,,,,,,,,,,,,276404.0,,,,,,,,,,,,,,,,,,,,,,,12558859.0,,,1250.0,,,,,,,18184243.0,,,,,,,,341463.0,,,,,,,,,,,,,,,,,,5872063.0,,,,,,,,,,2648253.0,,,,,,,,,,,,,,4897189.0,,,,,,,,,,,,,,,,,,,,,,,,,,,,,,,,,,42038676.0,,,,,,,,,,,,,,,,,,,,,,,,,,,,,,,,,,,,,,,147695752.0,,,,,,,,,,,,,,,,,,,,,,,,,,,,,,,,,,,,,,,,,,,,,,,,,,,,,,,,,,,,,,10025000.0,,,,,,,,,,,,,,,,,18779458.0,,,,,,,,,,,,,,,,,,,,,,,,,,,,,,,
68136,MORGAN STANLEY & CO. LLC ,2014,,,,,,,,,,,,,,,,,,,,,,,,-474.0,,,,6874.0,,,,,,,,,,,,,,,,,,6150.0,,,,,,,,,,,,,,,,,,,,,,,,,,,,,,98799.0,,,,,,,,,,,,,,,,26610.0,,,,,,271.0,,,,,,,,,,,,,,,,,,,,,,,6925.0,,,,,,,,,,24546.0,,,,,,177.0,,,,,,,,,,,,,,,,,,,,,6760.0,,,,,,,,,,,,,,2780.0,,,,,,,,,,,,,,,,,,,,,,,,,,,,,,,,,,,,,,,,,,,32576.0,,,,,,,,,,,,,,,,,,,,,,,,,,,,,,,,,,,,,,,,,,,,145502.0,,,,,,,,,,,,,,,,,,,,,,,,,,,,,,,,,,,,,,,,,,,,,,,,,,,,,,,,,10000.0,,,,,,,,,,,,,,,,,,,,,,,,,,,,,,,,,,,,,,,,,,,,,,,,
68136,MORGAN STANLEY & CO. LLC ,2015,,,,,,,,,,,,,,,,,,,,,,,,-433.0,,,,5662.0,,,,,,,,,,,,,,,,,,4587.0,,,,,,,,,,,,,,,,,,,,,,,,,,,,,,117946.0,,,,,,,,,,,,,,,,25906.0,,,,,,366.0,,,,,,,,,,,,,,,,,,,,,,,4336.0,,,,,,,,,,25611.0,,,,,,,,,104.0,,,,,,,,,,,,,,,8317.0,,,,,,,2434.0,,,,,,,,,,,,,,,,,,,,,,,,,,,,,,,,,,,,,,,,,,,,,,,,,,,,,32283.0,,,,,,,,,,,,,,,,,,,,,,,,,,,,,,,,,,,,,,,,,,,,,108015.0,,,,,,,,,,,,,,,,,,,,,,,,,,,,,,,,,,,,,,,,,,,,,,,,,,,,,,,,10000.0,,,,,,,,,,,,,,,,,,,,,,,,,,,,,,,,,,,,,,,,,,,,,,,,
68136,MORGAN STANLEY & CO. LLC ,2016,,,,,,,,,,,,,,,,,,,,,,,,-317.0,,,,5732.0,,,,,,,,,,,,,,,,,,2022.0,,,,,,,,,,,,,,,,,,,,,,,,,,,,,,119138.0,,,,,,,,,,,,,,,,28574.0,,,,,,324.0,,,,,,,,,,,,,,,,,,,,,,,5956.0,,,,,,,,,,19309.0,,,,,,,309.0,,,,,,,,,,,,,,,,,,8668.0,,,,,,,,,,,,,,,,,1792.0,,,,,,,,,,,,,,,,,,,,,,,,,,,,,,,,,,,,,,,,,,28313.0,,,,,,,,,,,,,,,,,,,,,,,,,,,,,,,,,,,,,,,,,,,,,,70221.0,,,,,,,,,,,,,,,,,,,,,,,,,,,,,,,,,,,,,,,,,,,,,,,,,,,,,,,11300.0,,,,,,,,,,,,,,,,,,,,,,,,,,,,,,,,,,,,,,,,,,,,,,,,
68136,MORGAN STANLEY & CO. LLC ,2017,,,,,,,,,,,,,,,,,,,,,,,,-431.0,,,,1484.0,,,,,,,,,,,,,,,,,,4204.0,,,,,,,,,,,,,,,,,,,,,,,,,,,,,,121846.0,,,,,,,,,,,,,,,,20647.0,,,,,,382.0,,,,,,,,,,,,,4332.0,,,,,,,,,,5726.0,,,,,,,,,,20252.0,,,,,,,,,,,,,,,,,,,,8443.0,,,,,,,,,,,,,,,,,,,,2228.0,,,,,,,,,,,,,,,,,,,,,,,,,,,,,,,,,,,,,,,,,,,,21387.0,,,,,,,,,,,,,,,,,,,,,,,,,,,,,,,,,,,,,,,,,,,,,,,86234.0,,,,,,,,,,,,,,,,,,,,,,,,,,,,,,,,4.0,,,,,,,,,,,,,,,,,,,,,,11300.0,,,,,,,,,,,,,,,,,,,,,,,,,,,,,,,,,,,,,,,,,,,,,,,,
68136,MORGAN STANLEY & CO. LLC ,2018,,,,,,,,,,,,,,,,,,,,,,,,-568.0,,,,1717.0,,,,,,,,,,,,,,,,,,2852.0,,,,,,,,,,,,,,,,,,,,,,,,,,,,,,123418.0,,,,,,,,,,,,,,,,23899.0,,,,,,443.0,,,,,,,,,,,,6731.0,,,,,,,,,,,5900.0,,,,,,,,,,22547.0,,,,,,,,,,,,,,,,,,,,3757.0,,,,,,,,,,,,,,,,,,,4266.0,,,,,,,,,,,,,,,,,,,,,,,,,,,,,,,,,,,,,,,,,,,,,17895.0,,,,,,,,,,,,,,,,,,,,,,,,,,,,,,,,,,,,,,,,,,,,,,,,81124.0,,,,,,,,,,,,,,,,,,,,,,,,,,,,,,,,,,,,,,,,,,,,,,,,,,,,,11300.0,,,,,,,,,,,,,,,,,,,,,,,,,,,,,,,,,,,,,,,,,,,,,,,,
68136,MORGAN STANLEY & CO. LLC ,2019,,,,,,,,,,,,,,,,,,,,,,,,-531.0,,,,1106.0,,,,,,,,,,,,,8171.0,,,,,3871.0,,,,,,,,,,,,,,,,,,,,,,,,,,,,,,123479.0,,,,,,,,,,,,,,,,24704.0,,,,,,471.0,,,,,,,,,,,,,,,,,,,,,8552.0,,,,,,,,,,,,17569.0,,,,,,,,,,,,,,,,,,,,3637.0,,,,,,,,,,,,2788.0,,,,,,,,,,,,,,,,,,,,,,,,,,,,,,,,,,,,,,,,,,,,,,,,,,,,18745.0,,,,,,,,,,,,,,,,,,,,,,,,,,,,,,,,,,,,,,,,,,,,,,,,,77944.0,,,,,,,,,,,,,,,,,,,,,,,,,,,,,,,,,,,,,,,,,,,,,,,,,,,,13300.0,,,,,,,,,,,,,,,,,,,,,,,,,,,,,,,,,,,,,,,,,,,,,,,,
72267,"NOMURA SECURITIES INTERNATIONAL, INC. ",2003,,,,,,,,,,,,,,,,,,,,,,,,,,,,,5891.0,,,,,,,,,,,,,,,82000.0,,599087.0,,,,,,,,,,,,,,,,,,,,,,,123175.0,,,201002.0,,,,165443.0,,,,,,,,277857.0,,,,,,,,,,,,,,51137.0,,,,,,,,,,,,,,,,,,,,,,,,,,,,,,,,82841.0,,,,49963.0,89689.0,,,,,,,,,,,,,,,,,,,,,,,,,,,,,,,,,,,,,,,,,,,,,,,,,,,,,,,,,,,,,,,,,,,,,,,,,,,,,,,,15305525.0,,,,,,,,,,,,,,,,,,,,,,,,,36906583.0,,,,,,,,,,,,,,,,,,,,,,,,,,,,,,,,,,,,,,,,,,,,,,,,,,,,,,,,,,,,,409835.0,,,,,,,,,,,,,,,1100000.0,,,,,,,,,,,,,,,,,2252781.0,,,,,,,,,,,,,,,,,,,,,,,,,,,,,,,
72267,"NOMURA SECURITIES INTERNATIONAL, INC. ",2004,,,,,,,,,,,,,,,,,,-267591.0,,,,,,,,750000.0,,,4824.0,,,,,,,,,,,,,,,,,1687375.0,,,,,,,,,,,,,,,,,,,,,,,142044.0,,,234462.0,,,,257455.0,,,,,,,,1047766.0,,,,,,,,,,,,,,47028.0,,,,,,,,,,,,,,,,,,,,,,,,,,,,,,,,,,,,40330.0,94505.0,,,,,,,,,,,,,,,,,,,,,,,,,,,,,,,,,,,,,,,,,,,,,,,,,,,,,,,,,,,,,,,,,,,,,,,,,,,,,,,,16878676.0,,,,,,,,,,,,,,,,,,,,,,,,,39860399.0,,,,,,,,,,,,,,,,,,,,,,,,,,,,,,,,,,,,,,,,,,,,,,,,,,,,,,,,,,,,,,,,,0.0,,,,,1450000.0,,,,,,,,,,,,,,,,,,,,,,,1723945.0,,,,,,,,,,,,,,,,,,,,,,,,,,,,,,,
72267,"NOMURA SECURITIES INTERNATIONAL, INC. ",2005,,,,,,,,,,,,,,,,,,-474377.0,,,,,,,,800000.0,,,8284.0,,,,,,,,,,,,,,,,,2374891.0,,,,,,,,,,,,,,,,,,,,,,0.0,176311.0,,,,,,,268578.0,,,,,,,,,,,,,,,2562372.0,,,,,,,75435.0,,,,,,350000.0,,,,,,,,,,,,,,,,,,,,,,,,,,31215.0,,,,,112774.0,,,,,,,,,,,,,,,,,,,,,,,,,,,,,,,,,,,,,,,,,,,,,,,,,,,,,,,,,,,,,,,,,,,,,,,,,,,,,,,,20016957.0,,,,,,,,,,,,,,,,,,,,,,,,,50929671.0,,,,,,,,,,,,,,,,,,,,,,,,,,,,,,,,,,,,,,,,,,,,,,,,,,,,,,,,,,,,,,,,,,,,,,1500000.0,,,,,,,,,,,,,,,,,,,,,,,,,,,,,,,,,,,,,,,,,,,,,,,,,,,,,,
72267,"NOMURA SECURITIES INTERNATIONAL, INC. ",2006,,,,,,,,,,,,,,,,,,-682399.0,,,,,,,,920000.0,,,28217.0,,,,,,,,,,,,,,,,,373376.0,,,,,,,,,,,,,,,,,,,,,,,204271.0,,,,,,,80174.0,,,,,,,,,,,,,,,,,,,,,,120667.0,,,,,,,,,,,,,,,,,,,,,,,,,,,,,,,,21553.0,,,,,96962.0,,,,,,,,,,,,,,,,,,,,,,,,,,,,,,,,,,,,,,,,,,,,,,,,,,,,,,,,,,,,,,,,,,,,,,,,,,,,,,,,23208709.0,,,,,,,,,,,,,,,,,,,,,,,,,42927531.0,,,,,,,,,,,,,,,,,,,,,,,,,,,,,,,,,,,,,,,,,,,,,,,,,,,,,,,,,,,,,,,,,,,,,,1950000.0,,,,,,,,,,,,,,,,,,,,4933874.0,,,,,,,,,,,,,,,,,,,,,,,,,,,,,,,,,,
72267,"NOMURA SECURITIES INTERNATIONAL, INC. ",2007,,,,,,,,,,,,,,,,,,-863100.0,,,,,,,,920000.0,,,,,,,,,,,,,,,,,,,,1308590.0,,,,,,,,,,,,,,,,,,,,,,,118100.0,,,,,,,162712.0,,,,,,,,,,,,,,,,,,,,,,155675.0,,,,,,,,,,,,,,,,,,,,,,,,,,,,,,,,2014.0,,,,,85677.0,,,,,,,,,,,,,,,,,,,,,,,,,,,,,,,,,,,,,,,,,,,,,,,,,,,,,,,,,,,,,,,,,,,,,,,,,,,,,,,,21926886.0,,,,,,,,,,,,,,,,,,,,,,,,,56447534.0,,,,,,,,,,,,,,,,,,,,,,,,,,,,,,,,,,,,,,,,,,,,,,,,,,,,,,,,,,,,,,,,,,,,,,1550000.0,,,,,,,,,,,,,,,,,,,,5728744.0,,,,,,,,,,,,,,,,,,,,,,,,,,,,,,,,,,
72267,"NOMURA SECURITIES INTERNATIONAL, INC. ",2008,,,,,,,,,,,,,,,,,,-976034.0,,,,,,,,1050000.0,,,,,,,,,,,,,,,,,,,,12922.0,,,,,,,,,,,,,,,,,,,,,,,73123.0,,,,,,,39780.0,,,,,,,,,,,,,,,,,,,,,,65195.0,,,,,,,,,,,,,,,,,,,,,,,,,,,,,,,,147260.0,,,,,58402.0,,,,,,,,,,,,,,,,,,,,,,,,,,,,,,,,,,,,,,,,,,,,,,,,,,,,,,,,,,,,,,,,,,,,,,,,,,,,,,,,13932220.0,,,,,,,,,,,,,,,,,,,,,,,,,1063767.0,,,,,,,,,,,,,,,,,,,,,,,,,,,,,,,,,,,,,,,,,,,,,,,,,,,,,,,,,,,,,,,,,,,,,,800000.0,,,,,,,,,,,,,,,,,,,,,,,,,,,,,,,,,,,,,,,,,,,,,,,,,,,,,,
72267,"NOMURA SECURITIES INTERNATIONAL, INC. ",2009,,,,,,,,,,,,,,,,,,-966600.0,,,,,,,,1050000.0,,,14518.0,,,,,,,,,,,,,,,,,1720047.0,,,,,,,,,,,,,,,,,,,,,,,53455.0,,,,,,,20580.0,,,,,,,,,,,,,,,,,,,,,,10121.0,,,,,,,,,,,,,,,,,,,,,,,,,,,,,,,,5292.0,,,,,52228.0,,,,,,,,,,,,,,,,,,,,,,,,,,,,,,,,,,,,,,,,,,,,,,,,,,,,,,,,,,,,,,,,,,,,,,,,,,,,,,,,6565907.0,,,,,,,,,,,,,,,,,,,,,,,,,4783454.0,,,,,,,,,,,,,,,,,,,,,,,,,,,,,,,,,,,,,,,,,,,,,,,,,,,,,,,,,,,,,,,,,,,,,,800000.0,,,,,,,,,,,,,,,,,,,,170790.0,,,,,,,,,,,,,,,,,,,,,,,,,,,,,,,,,,
72267,"NOMURA SECURITIES INTERNATIONAL, INC. ",2010,,,,,,,,,,,,,,,,,,-977829.0,,,,,,,,2050000.0,,,6072.0,,,,,,,,,,,,,,2657227.0,,,4781177.0,,,,,,,,,,,,,,,,,,,,,,,185284.0,,,,,,,202805.0,,,,,,,,,,,,,,,,,,,,,,48134.0,,,,,,,,,,,61788.0,,,,,,,,,,,,,,,,,,,,,29467.0,,,,,118039.0,,,,,,,,,,,,,,,,,,,,,,,,,,,,,,,,,,,,,,,,,,,,,,,,,,,,,,,,,,,,,,,,,,,,,,,,,,,,,,,,8120987.0,,,,,,,,,,,,,,,,,,,,,,,,,40316468.0,,,,,,,,,,,,,,,,,,,,,,,,,,,,,,,,,,,,,,,,,,,,,,,,,,,,,,,,,,,,,,,,,,,,,,1300000.0,,,,,,,,,,,,,,,,,,,,,,,,,,,,,,,,,,,,,,,,,,,,,,,9202685.0,,,,,,,
72267,"NOMURA SECURITIES INTERNATIONAL, INC. ",2012,,,,,,,,,,,,,,,,,,-907596.0,,,,,,,,3650000.0,,,,,,,,,,,,,,,,,6125074.0,,,279117.0,,,,,,,,,,,,,,,,,,,,,,,345309.0,,,,,,,336391.0,,,,,,,,,,,,,,,,,,,,,,95240.0,,,,,,,,,,,,,,,,,,,,,,,,,,,,,,,,37854.0,,,,,137178.0,,,,,,,,,,,,,,,,,,,,,,,,,,,,,,,,,,,,,,,,,,,,,,,,,,,,,,,,,,,,,,,,,,,,,,,,,,,,,,,,10068708.0,,,,,,,,,,,,,,,,,,,,,,,,,,,,,,,,,,,,,,,,,,,63048630.0,,,,,,,,,,,,,,,,,,,,,,,,,,,,,,,,,,,,,,,,,,,,,,,,,,,,2300000.0,,,,,,,,,,,,,,,,,,,,19311857.0,,,,,,,,,,,,,,,,,,,,,,,,,,,,,,,,,,
72267,"NOMURA SECURITIES INTERNATIONAL, INC. ",2013,,,,,,,,,,,,,,,,,,-629900.0,,,,,,,,3650000.0,,,,,,,,,,,,,,,,,2209381.0,,,1800812.0,,,,,,,,,,,,,,,,,,,,,,,364353.0,,,,,,,1552268.0,,,,,,,,,,,,,,,,,,,,,,185986.0,,,,,,,,,,,,,,272832.0,,,,,,,,,,,,,,,,,,8818.0,,,,,184601.0,,,,,,,,,,,,,,,,,,,,,,,,,,,,,,,,,,,,,,,,,,,,,,,,,,,,,,,,,,,,,,,,,,,,,,,,,,,,,,,,14177822.0,,,,,,,,,,,,,,,,,,,,,,,,,81609089.0,,,,,,,,,,,,,,,,,,,,,,,,,,,,,,,,,,,,,,,,,,,,,,,,,,,160000.0,,,,,,,,,,,,,,,,,,,3150000.0,,,,,,,,,,,,,,,,,,,,13005752.0,,,,,,,,,,,,,,,,,,,,,,,,,,,,,,,,,,
72267,"NOMURA SECURITIES INTERNATIONAL, INC. ",2014,,,,,,,,,,,,,,,,,,-582063.0,,,,,,,,3650000.0,,,,,,,,,,,,,,,,,3542639.0,,,1469524.0,,,,,,,,,,,,,,,,,,,,,,,370093.0,,,,,,,986640.0,,,,,,,,,,,,,,,,,,,,,,162413.0,,,,,,,,,249761.0,,,,,,,,,,,,,,,,,,,,,,,2807.0,,,,,121973.0,,,,,,,,,,,,,,,,,,,,,,,,,,,,,,,,,,,,,,,,,,,,,,,,,,,,,,,,,,,,,,,,,,,,,,,,,,,,,,,,16428460.0,,,,,,,,,,,,,,,,,,,,,,,,,81054110.0,,,,,,,,,,,,,,,,,,,,,,,,,,,,,,,,,,,,,,,,,,,,,,,,,,,,,,,,,,,,,,,,,,,,,,3150000.0,,,,,,,,,,,,,,,,,,,,16779099.0,,,,,,,,,,,,,,,,,,,,,,,,,,,,,,,,,,
72267,"NOMURA SECURITIES INTERNATIONAL, INC. ",2015,,,,,,,,,,,,,,,,,,-720394.0,,,,,,,,3650000.0,,,,,,,,,,,,,,,,,,,,2083703.0,,,,,,,,,,,,,,,,,,,,,,,394993.0,,,,,,,441004.0,,,,,,,,,,,,,,,,,,,,,,197351.0,,,,,,,,,,,,,,,,,,,,,,,,,,,,,,,,,,,,,120526.0,,,,,,,,,,,,,,,,,,,,,,,,,,,,,,,,,,,,,,,,,,,,,,,,,,,,,,,,,,,,,,,,,,,,,,,,,,,,,,,,17101108.0,,,,,,,,,,,,,,,,,,,,,,,,,61673982.0,,,,,,,,,,,,,,,,,,,,,,,,,,,,,,,,,,,,,,,,,,,,,,,,,,,,,,,,,,,,,,,,,,,,,,3150000.0,,,,,,,,,,,,,,,,,,,,17149702.0,,,,,,,,,,,,,,,,,,,,,,,1841.0,316002.0,,,,,3400519.0,,,,,
72267,"NOMURA SECURITIES INTERNATIONAL, INC. ",2016,,,,,,,,,,,,,,,,,,-1070625.0,,,,,,,,3650000.0,,,,,,,,,,,,,,,,,,,,1346416.0,,,,,,,,,,,,,,,,,,,,,,,298405.0,,,,,,,374142.0,,,,,,,,,,,,,,,,,,,,,,120142.0,,,,,,,,,,,,,,,,,,,,,,,,,,,,,,,,,,,,,120450.0,,,,,,,,,,,,,,,,,,,,,,,,,,,,,,,,,,,,,,,,,,,,,,,,,,,,,,,,,,,,,,,,,,,,,,,,,,,,,,,,13439600.0,,,,,,,,,,,,,,,,,,,,,,,,,81049704.0,,,,,,,,,,,,,,,,,,,,,,,,,,,,,,,,,,,,,,,,,,,,,,,,,,,,,,,,,,,,,,,,,,,,,,,,,,,,,,,,,,,,,,,,,,12065558.0,,,,,,,,,,,,,,,,,,,,,,,,407740.0,,,,,2973873.0,,,3150000.0,,
72267,"NOMURA SECURITIES INTERNATIONAL, INC. ",2017,,,,,,,,,,,,,,,,,,-668159.0,,,,,,,,3650000.0,,,,,,,,,,,,,,,,,,,,2221551.0,,,,,,,,,,,,,,,,,,,,,,,313972.0,,,,,,,671537.0,,,,,,,,,,,,,,,,,,,,,,129268.0,,,,,,,,,,,,,,,,,,,,,,,,,,,,,,,,,,,,,185295.0,,,,,,,,,,,,,,,,,,,,,,,,,,,,,,,,,,,,,,,,,,,,,,,,,,,,,,,,,,,,,,,,,,,,,,,,,,,,,,,,9662860.0,,,,,,,,,,,,,,,,,,,,,,,,,,,,,,105742070.0,,,,,,,,,,,,,,,,,,,,,,,,,,,,,,,,,,,,,,,,,,,,,,,,,,,,,,,,,,,,,,,,,3150000.0,,,,,,,,,,,,,,,,,,,,15171829.0,,,,,,,,,,,,,,,,,,,,,,,,15624.0,,,,,1264483.0,,,,,
72267,"NOMURA SECURITIES INTERNATIONAL, INC. ",2018,,,,,,,,,,,,,,,,,,-501455.0,,,,,,,,3650000.0,,,,,,,,,,,,,,,,334999.0,,,,2661021.0,,,,,,,,,,,,,,,,,,,,,,,316679.0,,,,,,,754245.0,,,,,,,,,,,,,,,,,,,,,,91499.0,,,,,,,,,,,,,,,,,,,,,,,,,,,,,,,,,,,,,155520.0,,,,,,,,,,,,,,,,,,,,,,,,,80000.0,,,,,,,,,,,,,,,,,,,,,,,,,,,,,,,,,,,,,,,,,,,,,,,,,,,,,,,12010613.0,,,,,,,,,,,,,,,,,,,,,,,,,,,98838755.0,,,,,,,,,,,,,,,,,,,,,,,,,,,,,,,,,,,,,,,,,,,,,,,,,,,,,,,,,,,,,,,,,,,,,,,,,,,,,,,,,,,,,,,,17061279.0,,,,,,,,,,,,,,,,,,,,,,,,,,,,,2470793.0,,,3150000.0,,
72267,"NOMURA SECURITIES INTERNATIONAL, INC. ",2019,,,,,,,,,,,,,,,,,,-632460.0,,,,,,,,3716866.0,,,,,,,,,,,,,,,,,472196.0,,,1373899.0,,,,,,,,,,,,,,,,,,,,,,,201954.0,,,,,,,533165.0,,,,,,,,,,,,,,,,,,,,,,84581.0,,,,,,,,,,,,,,,,,,,,,,,,,,,,,,,,,,,,,172202.0,,,,,,,,,,,,,,,,,,,,,,,,,80000.0,,,,,,,,,,,,,,,,,,,,,,,,,,,,,,,,,,,,,,,,,,,,,,,,,,,,,,,14197043.0,,,,,,,,,,,,,,,,,,,,,,,,,,,,,,,,,,,,,,,,,,,,,,,,,,,87667900.0,,,,,,,,,,,,,,,,,,,,,,,,,,,,,,,,,,,,,,,,,,,,,,,,,,,,,,,,,,,,,,,,14986207.0,,,,,,,,,,,,,,,,,,,,,,,1346129.0,,,,,,,,,3150000.0,192621.0,
72267,"NOMURA SECURITIES INTERNATIONAL, INC. ",2020,,,,,,,,,,,,,,,,,,-300795.0,,,,,,,,3766702.0,,,,,,,,,,,,,,,,,4650146.0,,,2584552.0,,,,,,,,,,,,,,,,,,,,,,,225083.0,,,,,,,3294636.0,,,,,,,,,,,,,,,,,,,,,,59656.0,,,,,,,,,,,,,,,,,,,,,,,,,,,,,,,,,,,,,217004.0,,,,,,,,,,,,,,,,,,,,,,,,,80000.0,,,,,,,,,,,,,,,,,,,,,,,,,,,,,,,,,,,,,,,,,,,,,,,,,,,,,,,11518932.0,,,,,,,,,,,,,,,,,,,,,,,,,100806875.0,,,,,,,,,,,,,,,,,,,,,,,,,,,,,,,,,,,,,,,,,,,,,,,,,,,,,,,,,,,,,,,,,,,,,,,,,,,,,,,,,,,,,,,,,,10813350.0,,,,,,,,,,,,,,,,,,,,,1234306.0,,,,,,,,,,,3300000.0,222701.0,
782124,J.P. MORGAN SECURITIES LLC ,2002,,,,,,,,,,,,1284391.0,,,,,,,,,,,,,,,-61442.0,,,,,,,,,,,,,,,,,,,,3592750.0,,,,,,,,,,,,,,,1.0,,,,,,,,,,,,,,54113741.0,,,,,,,,,,,,15903027.0,,,,,,,,,,211844.0,,,,,,,,,,,,,,,,,,,,,,,,,,,,,,,,3037956.0,,,,,,,,,,,,,,,,,,,,,494375.0,,,,,,,,,,,,,,,,,,,,,,,,,,,,,,,,,,,,,,,,,,,,,,,,,,,,,,,,,150000.0,2819256.0,,,,,,5032121.0,,,,,,,,,,,,,,,,,,,,,,,,,44489202.0,,,,,,,,,,,,,,,,,,,,,,,,,,,,,,,,,,,,,,,,,,,,,,,,,,,,,,5683726.0,,,,,,,,,,,,,,,,,,,,,,3350000.0,,,,,,,,,,,,,,,,,,,,,,,,,,,,,,,,,,,,,,,,,,,,554673.0,,,,
782124,J.P. MORGAN SECURITIES LLC ,2003,,,,,,,,,,,,1053071.0,,,,,,,,,,,,,,,-61442.0,,,,,,,,,,,,,,,,,,,,1462266.0,,,,,,,,,,,,,,,,,,,,,,,,,,,,,58100617.0,,,,,,,,,,,,15246427.0,,,,,,,,,,192688.0,,,,,,,,,,,,,,,,,,,,,,,,,,,,,,,,5669811.0,,,,,,,,,,,,,,,,,,,,,466901.0,,,,,,,,,,,,,,,,,,,,,,,,,,,,,,,554673.0,,,,,,,,,,,,,,,,,,,,,,,,,,150000.0,3061210.0,,,,,,6354888.0,,,,,,,,,,,,,,,,,,,,,,,,,44699330.0,,,,,,,,,,,,,,,,,,,,,,,,,,,,,,,,,,,,,,,,,,,,,,,,,,,,,,10349388.0,,,,,,,,,,,,,,,,,,,,,,3260000.0,150559829.0,,3704442.0,,,,,,,,,,,,,,,,,,,,,,,,,,,,,,,,,,,,,,,,,,,,,
782124,J.P. MORGAN SECURITIES LLC ,2004,,,,,,,,,,,,1335138.0,,,,,,,,,,,,,,,-61442.0,,,,,,,,,,,,,,,,,,,,6081914.0,,,,,,,,,,,,,,,,,,,,,,,,,,,,,64975592.0,,,,,,,,,,,,15346895.0,,,,,,,,,,151780.0,,,,,,,,,,,,,,,,,,,,,,,,,,,,,,,,5496832.0,,,,,,,,,,,,,,,,,,,,,437992.0,,,,,,,,,,,,,,,,,,,,,,,,,,,,,,,554673.0,,6467639.0,,,,,,,,,,,,,,,,,,,,,,,,150000.0,3452814.0,,,,,,7954481.0,,,,,,,,,,,,,,,,,,,,,,,,,44345351.0,,,,,,,,,,,,,,,,,,,,,,,,,,,,,,,,,,,,,,,,,,,,,,,,,,,,,,3581583.0,,,,,,,,,,,,,,,,,,,,,,4330000.0,164601243.0,,4096046.0,,,,,,,,,,,,,,,,,,,,,,,,,,,,,,,,,,,,,,,,,,,,,
782124,J.P. MORGAN SECURITIES LLC ,2005,,,,,,,,,,,,1592419.0,,,,,,,,,,,,,,,-61442.0,,,,,,,,,,,,,,,,,,,,8670600.0,,,,,,,,,,,,,,,,,,,,,,,,,,,,,73560374.0,,,,,,,,,,,,14331150.0,,,,,,,,,,137217.0,,,,,,,,,,,,,,,,,,,,,,,,,,,,,,,,8625128.0,,,,,,,,,,,,,,,,,,,,,1872495.0,,,,,,,,,,,,,,,,,,,,,,,,,,,,,,,554673.0,,5019349.0,,,,,,,,,,,,,,,,,,,,,,,,150000.0,2629259.0,,,,,,11774851.0,,,,,,,,,,,,,,,,,,,,,,,,,56493342.0,,,,,,,,,,,,,,,,,,,,,,,,,,,,,,,,,,,,,,,,,,,,,,,,,,,,,,1904052.0,,,,,,,,,,,,,,,,,,,,,,6180000.0,193433468.0,,3272491.0,,,,,,,,,,,,,,,,,,,,,,,,,,,,,,,,,,,,,,,,,,,,,
782124,J.P. MORGAN SECURITIES LLC ,2006,,,,,,,,,,,,1773759.0,,,,,,,,,,,,,,,-61442.0,,,,,,,,,,,,,,,,,,,,7740149.0,,,,,,,,,,,,,,,,1.0,,,,,,,,,,,,,65060917.0,,,,,,,,,,,,14351853.0,,,,,,,,,,274378.0,,956202.0,,,,,,,,,,,,,,,,,,,,,,,,,,,,,,12304032.0,,,,,,,,,,,,,,,,,,,,,661227.0,,,,,,,,,,,,,,,,,,,,,,,,,,,,,,,554673.0,,8053030.0,,,,,,,,,,,,,,,,,,,,,,,,150000.0,3084253.0,,,,,,11143580.0,,,,,,,,,,,,,,,,,,,,,,,,,54555660.0,,,,,,,,,,,,,,,,,,,,,,,,,,,,,,,,,,,,,,,,,,,,,,,,,,,,,,3974307.0,,,,,,,,,,,,,,,,,,,,,,7230000.0,,,,,,,,,,,,,,,,,,,,,,,,,,,,,,,,,,,,,,,,,,,,,,,,
782124,J.P. MORGAN SECURITIES LLC ,2007,,,,,,,,,,,,2816917.0,,,,,,,,,,,,,,,-61442.0,,,,,,,,,,,,,,,,,,,,13615956.0,,,,,,,,,,,,,,,,1.0,,,,,,,,,,,,,68735644.0,,,,,,,,,,,,18760002.0,,,,,,,,,,354720.0,,1027653.0,,,,,,,,,,,,,,,,,,,,,,,,,,,,,,19358226.0,,,,,,,,,,,,,,,,,,,,,507677.0,,,,,,,,,,,,,,,,,,,,,,,,,,,,,,,554673.0,,15027282.0,,,,,,,,,,,,,,,,,,,,,,,,150000.0,3015497.0,,,,,,13294673.0,,,,,,,,,,,,,,,,,,,,,,,,,69100939.0,,,,,,,,,,,,,,,,,,,,,,,,,,,,,,,,,,,,,,,,,,,,,,,,,,,,,,3152301.0,,,,,,,,,,,,,,,,,,,,,,6780000.0,,,,,,,,,,,,,,,,,,,,,,,,,,,,,,,,,,,,,,,,,,,,,,,,
782124,J.P. MORGAN SECURITIES LLC ,2008,,,,,,,,,,,,1570876.0,,,,,,,,,,,,,,,-61442.0,,,,,,,,,,,,,,,,,,,,9301817.0,,,,,,,,,,,,,,,,,,,,,,,,,,,,,75760316.0,,,,,,,,,,,,18517793.0,,,,,,,,,,333601.0,,1643620.0,,,,,,,,,,,,,,,,,,,,,,,,,,,,,,15303311.0,,,,,,,,,,,,,,,,,,,,,491353.0,,,,,,,,,,,,,,,,,,,,,,,,,,,,,,,570363.0,,4427661.0,,,,,,,,,,,,,,,,,,,,,,,,,2262081.0,,,,,,22237144.0,,,,,,,,,,,,,,,,,,,,,,,,,92623012.0,,,,,,,,,,,,,,,,,,,,,,,,,,,,,,,,,,,,,,,,,,,,,,,,,150000.0,,,,,5213597.0,,,,,,,,,,,,,,,,,,,,,,7780000.0,258125104.0,,2921003.0,,,,,,,,,,,,,,,,,,,,,,,,,,,,,,,,,,,,,,,,,,,,,
782124,J.P. MORGAN SECURITIES LLC ,2009,,,,,,,,,,,,,,,,495847.0,,,,,,,,,,,,,,,,,,,,,,,55587000.0,,,,,,,,,,,,,,,,,,,,,,,,,,,,,,,,,,,,,,,,,,,,,,,,,,,,19669688.0,,,,,,,,,,,,,,,,,,,,,,,,,,,,,,,,,,,,,,,7304324.0,,,,,,,,,,,,,,,,,,,,,,,8473280.0,,,,,,,,,,,,,,,,,,,,,,,,,,,,,,,,,,,,6564972.0,,,,,,83140610.0,,,,,,,,,,,,,,,,,,,4926064.0,,,,,,,,,,,,,,,,,,,,,,,,,,,,,,,,,,,,,,,,,,,,,,,,,,,,,,,,,,,,,194431501.0,,,,,,,,,,,,,,,,,,,,,,,,,,4421471.0,,,,,,,,,,,,,,,14530000.0,,,,,,,,,,,,,,,,,,,,,,,,,,,,,,,,,,,,,,,,,,,,,,,,
782124,J.P. MORGAN SECURITIES LLC ,2010,,,,,,,,,,,,,,,,300.0,,,,,,,,,,,,,,,,,,,,,,21550.0,,,,,,,,,,,,,,,,,,,,,,,,,,,,,,,,,,,,,,,,,,,,,,,,,,,,,26899.0,,,,,,,,,,,,,,,,,,,,,,,,,,,,,,,,,,,,,,,7767.0,,,,,,,,,,,,,,,,,,,,,5598.0,,,,,,,,,,,,,,,,,,,,,,,,,,,,,,,,,,,,,,9106.0,,,,,,63097.0,,,,,,,,,,,,,,,,,,,6944.0,,,,,,,,,,,,,,,,,,,,,,,,,,,,,,,,,,,,,,,,,,,,,,,,,,,,,,,,,,,,,168185.0,,,,,,,,,,,,,,,,,,,,,,,,,,8229.0,,,,,,,,,,,,,,,11530.0,,,,,,,,,,,,,,,,,,,,,,,,,,,,,,,,,,,,,,,,,,,,,,,,
782124,J.P. MORGAN SECURITIES LLC ,2012,,,,,,,,,,,,,,,,,,,,,,,,,,,,,,7338.0,,,,,,,,16240.0,,,,,,,,,,,,,,,,,,,,,,,,,,,,,,,,,,,,,,,,,,,,,,,,,,,,,27434.0,,,,,,,,,,,,,,,,,,,,,,,,,,,,11253.0,,,,,,,,,,,4764.0,,,,,,,,,,,,,,,,,,,,,3686.0,,,,,,,,,,,,,,,,,,,,,,,,,,,,,,,,,,,,,,8110.0,,,,,,99062.0,,,,,,,,,,,,,,,,,,,12037.0,,,,,,,,,,,,,,,,,,,,,,,,,,,,,,,,,,,,,,,,,,,,,,,,,,,,,,,,,,,,,169039.0,,,,,,,,,,,,,,,,,,,,,,,,,,,,,,,,,,,,,,,,,12330.0,,,,,,,,,,,,,,,,,,,,,,,,,,,,,,,,,,,,,,,,,,,,,,,,
782124,J.P. MORGAN SECURITIES LLC ,2013,,,,,,,,,,,,,,,,,,,,,,,,,,,,,,,,,716,,,,,12507,,,,,,,,,,,,,,,,,,,,,,,,,,,,,,,,,,,,,,,,,,,,,,,,,,,,,28316,,,,,,,,,,,,,,,,,,,,,,,,,,,,13946,,,,,,,,,,,6052,,,,,,,,,,,,,,,,,,,,,,4852,,,,,,,,,,,,,,,,,,,,,,,,,,,,,,,,,,,,,,,,,4114,,91918,,,,,,,,,,,,,,,,,,,12087,,,,,,,,,,,,,,,,,,,,,,,,,,,,,,,,,,,,,,,,,,,,,,,,,,,,,,,,,,,,,265374,,,,,,,,,,,,,,,,,,,,,,,,,,,,,,,,,,,,,,,,,11530,,,,,,,,,,,,,,,,,,,,,,,,,,,,,,,,,,,,,,,,,,,,,,,,
782124,J.P. MORGAN SECURITIES LLC ,2014,,,,,,,,,,,4188.0,,,,,,,,,,,,,,,,,,,,1556.0,,,,,,,16949.0,,,,,,,,,,,,,,,,,9778.0,,,,,,,,,,,,,,,,,,,,,,,,,,,,,,,,,,,,30228.0,,,,,,,,,,,,,,,,,,,,,,,,,,,,17256.0,,,,,,,,,,,5285.0,,,,,,,,,,,,,,,,,,,,,,,,,,,,,,,,,,,,,,,,,,,,,,,,,,,,,,,,,,,,,,,4024.0,,101507.0,,,,,,,,,,,,,,,,,,,,11769.0,,,,,,,,,,,,,,,,,,,,,,,,,,,,,,,,,,,,,,,,,,,,,,,,,,,,,,,,,,,,,,,,,160249.0,,,,,,,,,,,,,,,,,,,,,,,,,,,,,,,,,,,,9530.0,,,,,,,,,,,,,,,,,,,,,,,,,,,,,,,,,,,,,,,,,,,,,,,,
782124,J.P. MORGAN SECURITIES LLC ,2015,,,,,,,,,,,3381.0,,,,,,,,,,,,,,,,,,,,,1355.0,,,,,,,,12916.0,,,,,,,,,,,,,,,24052.0,,,,,,,,,,,,,,,,,,,,,,,,,,,,,,,,,,,,36812.0,,,,,,,,,,,,,,,,,3534.0,,,,,,,,,,,,6167.0,,,,,,,,,,3349.0,,,,,,,,,,,,,,,,,,,,,,,,,,,,,,,,,,,,,,,,,,,,,,,,,,,,,,,,,,,,,,,5776.0,,106750.0,,,,,,,,,,,,,,9126.0,,,,,,16488.0,,,,,,,,,,,,,,,,,,,,,,,,,,,,,,,,,,,,,,,,,,,,,,,,,,,,,,,,,,,,,152625.0,,,,,,,,,,,,,,,,,,,,,,,,,,,,,,,,,,,,,,,,15030.0,,,,,,,,,,,,,,,,,,,,,,,,,,,,,,,,,,,,,,,,,,,,,,,,
782124,J.P. MORGAN SECURITIES LLC ,2016,,,,,,,,,,,2535.0,,,,,,,,,,,,,,,,,,,,,,,472.0,,,,,,,,,,,,,,,,,,,,,15562.0,,,,,,,,,,,,,,,,,,,,,,,,,,,,,,,,,,,,,30782.0,,,,,,,,,,,,,,,,,,,,,,5500.0,,,,,,6167.0,,,,,,,,,,,3996.0,,,,,,,,,,,,,,,,,,,,,,,,,,,,,,,,,,,,,,,,,,,,,,,,,,,,,,,,,,,,,,,,,,,,,,7994.0,84771.0,,,,,,,8344.0,,,,,,13613.0,,,,,,,,,,,,,,,,,,,,,,,,,,,,,,,,,,,,,,,,,,,,,,,,,,,,,,,,,,,,,,157255.0,,,,,,,,,,,,,,,,,,18059.0,,,,,,,,,,,,,,,,,,,,,14630.0,,,,,,,,,,,,,,,,,,,,,,,,,,,,,,,,,,,,,,,,,,,,,,,,
782124,J.P. MORGAN SECURITIES LLC ,2017,,,,,,,,,,,,,,,,,,,,,,,,,,,,,,,,,,,277.0,,,,,,,,,,,,,,,,,,,,11738.0,,,,,,,,,,,,,,,,,,,,,,,,,,,,,,,,,,,,,27844.0,,,,,,,,,,,,,,,,,,,,,,,7677.0,,,,,6167.0,,,,,,,,,,,8649.0,,,,,,,,,,,,,,,,,,,,2829.0,,,,,,,,,,,,,,,,,,,,,,,,,,,,,,,,,,,,,,,,,,,,,,,,,,4585.0,88911.0,,,,,,,11280.0,,,,,,14648.0,,,,,,,,,,,,,,,,,,,,,,,,,,,,,,,,,,,,,,,,,,,,,,,,,,,,,,,,,,,,,,,,169910.0,,,,,,,,,,,,,,,,,,,,10840.0,,,,,,,,,,,,,,,,,14000.0,,,,,,,,,,,,,,,,,,,,,,,,,,,,,,,,,,,,,,,,,,,,,,,,
782124,J.P. MORGAN SECURITIES LLC ,2018,,,,,,,,,,,,,,,,,,,,,,,,,,,,,,,,,,,,45.0,,,,,,,,,,,,,,,,,,,24186.0,,,,,,,,,,,,,,,,,,,,,,,,,,,,,,,,,,,,,29431.0,,,,,,,,,,,,,,,,,,,,,,,,8971.0,,,,6167.0,,,,,,,,,,,8734.0,,,,,,,,,,,,,,,,,,,,2701.0,,,,,,,,,,,,,,,,,,,,,,,,,,,,,,,,,,,,,,,,,,,,,,,,,,5549.0,82762.0,,,,,,,13591.0,,,,,,11054.0,,,,,,,,,,,,,,,,,,,,,,,,,,,,,,,,,,,,,,,,,,,,,,,,,,,,,,,,,,,,,,,,,,121520.0,,,,,,,,,,,,,,,22459.0,,,,,,,,,,,,,,,,,,,,14000.0,,,,,,,,,,,,,,,,,,,,,,,,,,,,,,,,,,,,,,,,,,,,,,,,
782124,J.P. MORGAN SECURITIES LLC ,2019,,,,,,,,,,,,,,,,,,,,,,,,,,,,,,,,,,,,,26.0,,,,,,,,,,,,,,,,,,,,,,,,,,,,,,,,,,,,,,,,,,,,,,,,,,,,,,,33270.0,,,,,,,,,,,,,,,,,,,,,,,,11784.0,,,,6167.0,,,,,,,,,,,,2945.0,,,,,,,,,,,,,,,,,,,,,,,,,,,3377.0,,,,,,,,,,,,,,,,,,,,,,,,,,,,,,,,,,,,,,,,,,8311.0,86062.0,,,,,,,,,,,,,7426.0,,,,,,,,,,,,,,,,,,,,,,,,,,,,,,,,,,,,,,,,,,,,,,,,,,,,,,,,,,,,,,,,,,,218539.0,,,,,,,,,,,,,,,55335.0,,,,,,,,,,,,,24000.0,,,,,,,,,,,,460265.0,,,,9190.0,,,,,,,,,,,,,,,,,,,,,,,,,,,,,,,,,,,,,,
782124,J.P. MORGAN SECURITIES LLC ,2020,,,,,,,,,,,,,,,,,,,,,,,,,,,,,,,,,,,,,35.0,,,,,,,,,,,,,,,,,,,,,,,,,,,,,,,,,,,,,,,,,,,,,,,,,,,,,,,35037.0,,,,,,,,,,,,,,,,,,,,,,,,15498.0,,,,6167.0,,,,,,,,,,,3550.0,,,,,,,,,,,,,,,,,,,,2961.0,,,,,,,,,,,,,,,,,,,,,,,,,,,,,,,,,,,,,,,,,,,,,,,,,,10187.0,93581.0,,,,,,,5616.0,,,,,,5357.0,,,,,,,,,,,,,,,,,,,,,,,,,,,,,,,,,,,,,,,,,,,,,,,,,,,,,,,,,,,,,,,244497.0,,,,,,,,,,,,,,,,,,,,44459.0,,,,,,,,,,,,24000.0,,,,,,,,,,,,,,,,,,,,,,,,,,,,,,,,,,,,,,,,,,,,,,,,,,,,,,
851376,BARCLAYS CAPITAL INC. ,2002,,,,,,,,,,,,,,104821.0,,,,,,,,,,,,,,,,,,,,,,,,,,,,,,,,,,,,,,,,,,,,,,,,,,,,,,,,,,,,,,,,,,,,,,,,,,,,,,,,,,,,,,,,,,,,,,,,,,,,,,,,,,,,,,,,,,,,,,,,,,,,,,,,,,,,,,,,,,,,,,,,,,,,,,,,,,,,,,,,,,,,,,,,,,,,,,,,,,,,,,,,,3991601.0,,,1289004.0,,,,,,,,,,,,,24628330.0,,,,,,,,,,,,,,,,,,,,,,,,,33219737.0,,,,,,,,,,,,,,,,,,,,,,,,,,,,,,,,,,,,,,,,,,,,6205940.0,,,,,,,,,,2505345.0,,,,,,,252795.0,,,,,,,,,,287000.0,,,,,,,,,,,,,,,,,,,,,,,,,,,,,,,,,,,,,,,,,,,,,,,154042.0,,,,,,
851376,BARCLAYS CAPITAL INC. ,2003,,,,,,,,,,,,,,,230905.0,,,,,,,,,,,,,,,,,,,,,,,,,,,,,,,,,,,,,,,,,,,,,,,,,,,,,,,,,,,,,,,,,,,,,,,,,,,,,,,,,,,,,,,,,,,,,,,,,,,,,,,,,,,,,,,,,,,,,,,,,,,,,,,,,161983.0,,,,,,,,,,,,,,,,,,,,,,,,,,,,,,,,,,,,,,,,,,,,,,,,,,,,,,,2859002.0,,,1247590.0,,,,,,,,,,,,,23552227.0,,,,,,,,,,,,,,,,,,,,,,,,,55678764.0,,,,,,,,,,,,,,,,,,,,,,,,,,,,,,,,,,,,,,,,,,,,16856266.0,,,,,,,,,,2173984.0,,,,,,,321687.0,,,,,,,,,,287000.0,,,,,,,,,,,,,,,,,,,,,,,,,,,,,,,,,,,,,,,,,,,,,,,,,,,,,
851376,BARCLAYS CAPITAL INC. ,2004,,,,,,,,,,,,,235585.0,,,,,,,,,,,,,,,,,,,,,,,,,,,,,,,,,,,,,,,,,,,,,,,,,,,,,,,,,,,,,,,,,,,,,,,,,,,,,,,,,,,,,,,,,,,,,,,,,,,,,,,,,,,,,,,,,,,,,,,,,,,,,,,,,,,215704.0,,,,,,,,,,,,,,,,,,,,,,,,,,,,,,,,,,,,,,,,,,,,,,,,,,,,,,,7580823.0,,,1080390.0,,,,,,,,,,,,,31157211.0,,,,,,,,,,,,,,,,,,,,,,,,,53997447.0,,,,,,,,,,,,,,,,,,,,,,,,,,,,,,,,,,,,,,,,,,,,15492425.0,,,,,,,,,,3129638.0,,,,,,,274714.0,,,,,,,,,,487000.0,,,,,,,,,,,,,,,,,,,,,,,,,,,,,,,,,,,,,,,,,,,,,,,,,,,,,
851376,BARCLAYS CAPITAL INC. ,2005,,,,,,,,,,,,,693499.0,,,,,,,,,,,,,,,,,,,,,,,,,,,,,,,,,,,,,,,,,,,,,,,,,,,,,,,,,,,,,,,,,,,,,,,,,,,,,,,,,,,,,,,,,,,,,,,,,,,,,,,,,,,,,,,,,,,,,,,,,,,,,,,,,,,319300.0,,,,,,,,,,,,,,,,,,,,,,,,,,,,,,,,,,,,,,,,,,,,,,,,,,,,,,,9938339.0,,,2778726.0,,,,,,,,,,,,,40299674.0,,,,,,,,,,,,,,,,,,,,,,,,,82946416.0,,,,,,,,,,,,,,,,,,,,,,,,,,,,,,,,,,,,,,,,,,,32073512.0,,,,,,,,,,,4648584.0,,,,,,,752041.0,,,,,,,,,,487000.0,,,,,,,,,,,,,,,,,,,,,,,,,,,,,,,,,,,,,,,,,,,,,,,,,,,,,
851376,BARCLAYS CAPITAL INC. ,2006,,,,,,,,,,,,,445806.0,,,,,,,,,,,,,,,,,,,,,,,,,,,,,,,,,,,,,,,,,,,,,,,,,,,,,,,,,,,,,,,,,,,,,,,,,,,,,,,,,,,,,,,,,,,,,,,,,,,,,,,,,,,,,,,,,,,,,,,,,,,,,,,,,,,389767.0,,,,,,,,,,,,,,,,,,,,,,,,,,,,,,,,,,,,,,,,,,,,,,,,,,,,,,,8885985.0,,,3161237.0,,,,,,,,,,,,,29880605.0,,,,,,,,,,,,,,,,,,,,,,,,,123032958.0,,,,,,,,,,,,,,,,,,,,,,,,,,,,,,,,,,,,,,,,,,,23136048.0,,,,,,,,,,,4347715.0,,,,,,,669675.0,,,,,,,,,,487000.0,,,,,,,,,,,,,,,,,,,,,,,,,,,,,,,,,,,,,,,,,,,,,,,,,,,,,
851376,BARCLAYS CAPITAL INC. ,2008,,,,,10.0,,,,,,,,318108.0,,,,,-464210.0,,,,,,3334.0,,2535610.0,,,,,,,,,,,,,,,,,,,,,,,,,,,,,,,,,,,,,,,,,,,,,,,,,,,,,,,917372.0,,,,,,,,,,,,,,,,,,,,,,,,,,,,,,,,,,,,,,,,,,,,,,,,,,,,,,,,,,,,,,,475774.0,,,,,,,,,,,,,,,,,,,,,,,,,,,,,,,,,,,,,,,,,,,,,,,,,,,,,,,8756749.0,,,8646714.0,,,,,,,,,,,,,34036162.0,,,,,,,,,,,,,,,,,,,,,,,,,216478818.0,,,,,,,,,,,,,,,,,,,,,,,,,,,,,,,,,,,,,,,,,,,22501152.0,,,,,,,,,,,3615823.0,,,,,,,,,,,,,,,,,,,,,,,,,,,,,,,,,,,,,,,,,,,,,,,,,,,,,,,,,,,,,,,,,,,,,,
851376,BARCLAYS CAPITAL INC. ,2009,,,,,,,,,,,,,169593.0,,,,,,,,,,,-16087.0,,6072030.0,,,,,,,,,,,,,,,,,,,,,,,,,,,,,,,,,,,,,,,,,,,,,,,,,,,,,,,,,,,,,,20943091.0,,,,,,,,,,,,,,,,,,,,,,,,,,,,,,,,,,,,,,,,,,,,,,,,,,,,,,,,731708.0,,,,,,,,,,,,,,,,,,,,,,,,,,,,,,,,,,,,,,,,,,,,,,,,,,,,,,,11467155.0,,,9655384.0,,,,,,,393034.0,,,,,,24886767.0,,,,,,,,,,,,,,,,,,,,,,,,,160948963.0,,,,,,,,,,,,,,,,,,,,,,,,,,,,,,,,,,,,,,,,,,,,,,,,,,,,,,2677479.0,,,,,,,,,,,,,,,,,2500000.0,,,,,,,,,,,,,,240429127.0,,,,6448987.0,,,,,,,,,,,,,,,,,,,,,,,,,,,,,,,,,,,
851376,BARCLAYS CAPITAL INC. ,2010,,,,,,,,,,,,,184.0,,,,,,,,,,,,-8.0,6073.0,,,,,,,,,,,,,,,,,,,,,,,,,,,,,,,,,,0.0,,,,,,,,,,,,,,,,,,,,,,,,,,,,25303.0,,,,,,,,,,,,,,,,,,,,,,,,,,,,,,,,,,,,,,,,,,23067.0,,,,,,,,,,,,,,2910.0,,,,,,,,,,,,,,,,,,,,,,,,,,,,,,,,,,,,,,,,,,,,,,,,,,,,,,,10361.0,,,9256.0,,,,,,,1765.0,,,,,,19243.0,,,,,,,,,,,,,,,,,,,,,,,,,225900.0,,,,,,,,,,,,,,,,,,,,,,,,,,,,,,,,,,,,,,,,,,,,,,,,,,,,,,322.0,,,,,,,,,,,,,,,,,2500.0,,,,,,,,,,,,,,,,,,,,,,,,,,,,,,,,,,,,,,,,,,,,,,,,,,,,,
851376,BARCLAYS CAPITAL INC. ,2011,,,,,,,,,,,,,293.0,,,,,,,,,,,,-9.0,6085.0,,,,,,,,,,,,,,,,,,,,,,,,,,,,,,,,,,,0.0,,,,,,,,,,,,,,,,,,,,,,,,,,,43996.0,,,,,,,,,,,,,,,,,,,,,,,,,,,,,,,,,,,,,,,,,,15705.0,,,,,,,,,,,,,,1651.0,,,,,,,,,,,,,,,,,,,,,,,,,,,,,,,,,,,,,,,,,,,,,,,,,,,,,,,6464.0,,,9247.0,,,,,,,1267.0,,,,,,17585.0,,,,,,,,,,,,,,,,,,,,,,,,,225105.0,,,,,,,,,,,,,,,,,,,,,,,,,,,,,,,,,,,,,,,,,,,,,,,,,,,,,,218.0,,,,,,,,,,,,,,,,,2500.0,,,,,,,,,,,,,,,,,,,,,,,,,,,,,,,,,,,,,,,,,,,,,,,,,,,,,
851376,BARCLAYS CAPITAL INC. ,2012,,,,,,,,,,,,,182.0,,,,,,,,,,,,-27.0,6186.0,,,,,,,,,,,,,,,,,,,,,,,,,,,,,,,,,,,,,,,,,,,,,,,,,,,,,,,,,,,,,,29051.0,,,,,,,,,,,,,,,,,,,,,,,,,,,,,,,,,,,,,,,,,,19062.0,,,,,,,,,,,,,,1253.0,,,,,,,,,,,,,,,,,,,,,,,,,,,,,,,,,,,,1226.0,,,,,,,,,,,,,,,,,,,4376.0,,,15081.0,,,,,,,827.0,,,,,,13603.0,,,,,,,,,,,,,,,,,,,,,,,,,208956.0,,,,,,,,,,,,,,,,,,,,,,,,,,,,,,,,,,,,,,,,,,,,,,,,,,,,,,4200.0,,,,,,,0.0,,,,,,,,,,2500.0,,,,,,,,,,,,,,,,,,,,,,,,,,,,,,,,,,,,,,,,,,,,,,,,,,,,,
851376,BARCLAYS CAPITAL INC. ,2013,,,,,,,,,,,,,134.0,,,,,,,,,,,,-18.0,6253.0,,,,,,,,,,,,,,,,,,,,,,,,,,,,,,,,,,,0.0,,,,,,,,,,,,,,,,,,,,,,,,,,,21654.0,,,,,,,,,,,,,,,,,,,,,7900.0,,,,,,,,,,,,,,,,,,,,,20541.0,,,,,,,,,,,,,,1622.0,,,,,,,,,,,,,,,,,,,,,,,,,,,,,,,,,,,,,,,,,,,,,,,,,,,,,,,3139.0,,,17922.0,,,,,,,1029.0,,,,,,22966.0,,,,,,,,,,,,,,,,,,,,,,,,,197625.0,,,,,,,,,,,,,,,,,,,,,,,,,,,,,,,,,,,,,,,,,,,,,,,,,,,,,,5796.0,,,,,,,,,,,,,,,,,2500.0,,,,,,,,,,,,,,,,,,,,,,,,,,,,,,,,,,,,,,,,,,,,,,,,,,,,,
851376,BARCLAYS CAPITAL INC. ,2014,,,,,,,,,,,,,203.0,,,,,,,,,1358.0,,,,6281.0,,,,,,,,,,,,,,,,,,,,,,,,,,,,,,,,,,,0.0,,,,,,,,,,,,,,,,,,,,,,,,,,,29803.0,,,,,,,,,,,,,,,,,,,,,7900.0,,,,,,,,,,,,,,,,,,,,,,27163.0,,,,,,,,,,,,,1847.0,,,,,,,,,,,,,,,,,,,,,,,,,,,,,,,,,,,,,,,,,,,,,,,,,,,,,,,3391.0,,,23048.0,,,,,,,,,,,,,34919.0,,,,,,,,,,,,,,,,,,,,,,,,,158214.0,,,,,,,,,,,,,,,,,,,,,,,,,,,,,,,,,,,,,,,,,,,,,,,,,,,,,,6983.0,,,,,,,,,,,,,,,,,2500.0,,,,,,,,,,,,,,303606.0,,,,7635.0,,,,,,,,,,,,,,,,,,,,,,,,,,,,,,,,,,,
851376,BARCLAYS CAPITAL INC. ,2015,,,,,,,,,,,,,111.0,,,,,,,,,,,,-12.0,6308.0,,,,,,,,,,,,,,,,,,,,,,,,,,,,,,,,,,,0.0,,,,,,,,,,,,,,,,,,,,,,,,,,,19558.0,,,,,,,,,,,,,,,,,,,,,7900.0,,,,,,,,,,,,,,,,,,,,,,46499.0,,,,,,,,,,,,,1521.0,,,,,,,,,,,,,,,,,,,,,,,,,,,,,,,,,,,,58.0,,,,,,,,,,,,,,,,,,,1803.0,,,25226.0,,,,,,,1561.0,,,,,,33845.0,,,,,,,,,,,,,,,,,,,,,,,,,100305.0,,,,,,,,,,,,,,,,,,,,,,,,,,,,,,,,,,,,,,,,,,,,,,,,,,,,,,843.0,,,,,,,,,,,,,,,,,2500.0,,,,,,,,,,,,,,,,,,,,,,,,,,,,,,,,,,,,,,,,,,,,,,,,,,,,,
851376,BARCLAYS CAPITAL INC. ,2016,,,,,,,,,,,,,79.0,,,,,,,,,,,,-10.0,6390.0,,,,,,,,,,,,,,,,,,,,,,,,,,,,,,,,,,,,,,,,,,,,,,,,,,,,,,,,,,,,,,11429.0,,,,,,,,,,,,,,,,,,,,,4900.0,,,,,,,,,,,,,,,,,,,,,,35122.0,,,,,,,,,,,,,1430.0,,,,,,,,,,,,,,,,,,,,,,,,,,,,,,,,,,,,55.0,,,,,,,,,,,,,,,,,,,1273.0,,,30051.0,,,,,,,726.0,,,,,,,,,,,,,20499.0,,,,,,,,,,,,,,,,,,,,,,,,,,,,,,,57179.0,,,,,,,,,,,,,,,,,,,,,,,,,,,,,,,,,,,,,,,,,466.0,,,,,,,,,,,,,,,,,2500.0,,,,,,,,,,,,,,,,,,,,,,,,,,,,,,,,,,,,,,,,,,,,,,,,,,,,,
851376,BARCLAYS CAPITAL INC. ,2017,,,,,,,,,,,,,115.0,,,,,,,,,,,,-10.0,6397.0,,,,,,,,,,,,,,,,,,,,,,,,,,,,,,,,,,,,,,,,,,,,,,,,,,,,,,,,,,,,,,11496.0,,,,,,,,,,,,,,,,,,,,,4900.0,,,,,,,,,,,,,,,,,,,,,,33623.0,,,,,,,,,,,,,1430.0,,,,,,,,,,,,,,,,,,,,,,,,,,,,,,,,,,,,,,,,,,,,,,,,,,,,,,,2379.0,,,30278.0,,,,,,,1044.0,,,,,,,,,,,,,,,,,,,,,23076.0,,,,,,,,,,,,,,,,,34695.0,,,,,,,,,,,,,,,,,,,,,,,,,,,,,,,,,,,,,,,,,,,,,,,588.0,,,,,,,,,,,,,,,,,2500.0,,,,,,,,,,,,,,,,,,,,,,,,,,,,,,,,,,,,,,,,,,,,,,,,,,,,,
851376,BARCLAYS CAPITAL INC. ,2018,,,,,,,,,,,,,170.0,,,,,,,,,,,,-10.0,6672.0,,,,,,,,,,,,,,,,,,,,,,,,,,,,,,,,,,,,,,,,,,,,,,,,,,,,,,,,,,,,,,7372.0,,,,,,,,,,,,,,,,,,,,,5450.0,,,,,,,,,,,,,,,,,,,,,,,,,,,,,,,,399.0,,,1046.0,,,,,,,,,,,,,,,,,,,,,,,,,,,,,,,,,,,,,,,,,,,,,,,,,,,,,,,1753.0,,,,,,26943.0,,,,850.0,,,,,,,,,,,,,,,,,,14032.0,,,,,,,,,,,,,,,,,,,,,,,,36747.0,,,,,,,,,,,,,,,,,,,,,,,,,,,,,,,,,,,,,,,,,,,2536.0,,,,,,,,,,,,,,,,,2500.0,,,,,,,,,,,,,,,,,,,,,,,,,,,,,,,,,,,,,,,,,,,,,,,,,,,,,
851376,BARCLAYS CAPITAL INC. ,2019,,,,,,,,,,,,,76.0,,,,,,,,,,,,,6677.0,,,,,,,,,,,,,,,,,,,,,,,,,,,,,,,,,,,,,,,,,,,,,,,,,,,,,,,,,,,,,,6187.0,,,,,,,,,,,,,,,,,,,,,7300.0,,,,,,,,,,,,,,,,,,,,,,,,,,,,,,,,100.0,,,1012.0,,,,,,,,,,,,,,,,,,,,,,,,,,,,,,,,,,,,,,,,,,,,,,,,,,,,,,,1088.0,,,,,30115.0,,,,,245.0,,,,,,,,,,,,,,,,15108.0,,,,,,,,,,,,,,,,,,,,,34294.0,,,,,,,,,,,,,,,,,,,,,,,,,,,,,,,,,,,,,,,,,,,,,,,,970.0,,,,,,,,,,,,,,,,,2500.0,,,,,,,,,,,,,,105666.0,,,,6916.0,,,,,,,,,,,,,,,,,,,,,,,,,,,,,,,,,,,
851376,BARCLAYS CAPITAL INC. ,2020,,,,,,,,,,,,,53.0,,,,,,,,,,,,0.0,6933.0,,,,,,,,,,,,,,,,,,,,,,,,,,,,,,,,,,,,,,,,,,,,,,,,,,,,,,,,,,,,,,5367.0,,,,,,,,,,,,,,,,,,,,,7305.0,,,,,,,,,,,,,,,,,,,,,,,,,,,,,,,,,,,1064.0,,,,,,,,,,,,,,,,,,,,,,,,,,,,,,,,,,,,,,,,,,,,,,,,,,,,,,,1379.0,,,,26996.0,,,,,,429.0,,,,,,,,,,,,,,,,,,,14692.0,,,,,,,,,,,,,,,,,,,,,31346.0,,,,,,,,,,,,,,,,,,,,,,,,,,,,,,,,,,,,,,,,,,,,,1103.0,,,,,,,,,,,,,,,,,2500.0,,,,,,,,,,,,,,,,,,,,,,,,,,,,,,,,,,,,,,,,,,,,,,,,,,,,,
853784,HSBC SECURITIES (USA) INC. ,2002,,,,,,,,,,396483.0,,,,,,,,,,,,,,,,,,,,,,,,,,,,,,,,,,,,,,,,,,,,,,,,,,,,,,,,,,,,,,,,,,,,,,,,,,,,,,,,,,,,,,,,,,,,375000.0,27502.0,,,,,,,,,,,,,,,,,,,,,,,,,,,,,,,,,,,,,,,,,,,,,,,,,,,,,,,,,,,,,,,,,,,,,,,,,,,,,,,,,,,,,,,,,4760033.0,,,,,,1765740.0,,,,,,,,,,,,,,,,,,,,,,,,,,,,,,,,,,,,,,,,,1179555.0,7474837.0,,,,,,,,,,,,,,,,,,,,,,,,,,,,,,,,,,,,,,,,,,,,,,464519.0,,18575904.0,,,,,,,,,,,,,,206559.0,,,,,,,,,,,,,,,,,,,,,,,,,,,,,,,,,,,,,,,,,,,,,,,,,,,,,,,,,,,,,,
853784,HSBC SECURITIES (USA) INC. ,2003,,,,,,,,,,149596.0,,,,,,,,,,,,,,,,,,,,,,,,,,,,,,,,,,,,,,,,,,,,,,,,,,,,,,,,,,,,,,,,,,,,,,,,,,,,,,,,,,,,,,,,,,,,305000.0,,,,,,,,,,,,,,,,,,,,,,,,,,,,419249.0,,,,,,,,,,,,,,,,,,,,,,,,,,,,,,,,,,,,,,,,,,,,,,,,,,,,,,,,,,,,,,536370.0,,,,,,17922.0,,,,,,,,,,,,,,,,,,,,,,,,,,,,,,,,,,,,,,,,,,6881862.0,,,,,,,,,,,,,,,,,,,,,,,,,,,,,,,,,,,,,,,,,,,,,,401699.0,,4530638.0,,,,,105765.0,,,,,,,,,,,,,,109725.0,,,,,,,,,,,,,,,,,,,,,,,,,,,,,,,,,,,,,,,,,,,,,,,,,,,,,,,,,
853784,HSBC SECURITIES (USA) INC. ,2004,,,,,,,,,,201063.0,,,,,,,,,,,,,,,,,,,,,,,,,,,,,,,,,,,,,,,,,,,,,,,,,,,,,,,,,,,,,,,,,,,,,,,,,,,,,,,,,,,,,,,,,,,350000.0,,,,,,,,,,,,,,,,,,,,,,,,,,,,,910082.0,,,,,,,,,,,,,,,,,,,,,,,,,,,,,,,,,,,,,,,,,,,,,,,,,,,,,,,,,,,,,1910797.0,,,,,,,,,,,,,,,,,,,,,,,,,,,,,,,,,,,,,,,,,,,,,,,,,5763412.0,,,,,,,,,,,,,,,,,,,,,,,,,,,,,,,,,,,,,,,,,,,,,443056.0,,6341971.0,,,,,167507.0,,,,,,,,,,,,,,142082.0,,,,,,,,,,,,,,,,,,,,,,,,,,,,,,,,,,,,,,,,,,,,,,,,,,,,,,,,,,
853784,HSBC SECURITIES (USA) INC. ,2005,,,,,,,,,,308291.0,,,,,,,,,,,,,,,,,,,,,,,,,,,,,,,,,,,,,,,,,,,,,,,,,,,,,,,,,,,,,,,,,,,,,,,,,,,,,,,,,,,,,,,,,,,525000.0,,,,,,,,,,,,,,,,,,,,,,,,,,,,,582747.0,,,,,,,,,,,,,,,,,,,,,,,,,,,,,,,,,,,,,,,,,,,,,,,,,,,,,,,,,,,,,3329815.0,,,,,,1046829.0,,,,,,,,,,,,,,,,,,,,,,,,,,,,,,,,,,,,,,,,,,,19115106.0,,,,,,,,,,,,,,,,,,,,,,,,,,,,,,,,,,,,,,,,,,,,,1343086.0,,9005883.0,,,,,458557.0,,,,,,,,,,,495364.0,,,,,,,,,,,,,,,,,,,,,,,,,,,,,,,,,,,,,,,,,,,,,,,,,,,,,,,,,,,,,
853784,HSBC SECURITIES (USA) INC. ,2006,,,,,,,,,,421360.0,,,,,,,,,,,,,,,,,,,,,,,,,,,,,,,,,,,,,,,,,,,,,,,,,,,,,,,,,,,,,,,,,,,,,,,,,,,,,,,,,,,,,,,,,,,525000.0,,,,,,,,,,,,,,,,,,,,,,,,,,,,,149909.0,,,,,,,,,,,,,,,,,,,,,,,,,,,,,,,,,,,,,,,,,,,,,,,,,,,,,,,,,,,,,1171131.0,,,,,,358982.0,,,,,,,,,,,,,,,,,,,,,,,,,,,,,,,,,,,,,,,,,,,35973922.0,,,,,,,,,,,,,,,,,,,,,,,,,,,,,,,,,,,,,,,,,,,,,1891516.0,,7379536.0,,,,,910000.0,,,,,,,,,,,1244333.0,,,,,,,,,,,,,,,,,,,,,,,,,,,,,,,,,,,,,,,,,,,,,,,,,,,,,,,,,,,,,
853784,HSBC SECURITIES (USA) INC. ,2007,,,,,,,,,,496658.0,,,,,,,,-406359.0,,,,,,,,,,,,,,,,,,,,,,,,,,,,,,,1984774.0,,,,,,,,,,,,,,,,,,,,,,,,,,,,,,,,,,,,,,,,,,,,,,,,,,,,100000.0,,,,,,,,,,,,,,,,,,,,,,,,,,,,,293115.0,,,,,,,,,,,,,,,,,,,,,,,,,,,,,,,,,,,,,,,,,,,,,,,,,,,,,,,,,,,,,3822861.0,,,,,,470958.0,,,,,,,,,,,,,,,,,,,,,,,,,,,,,,,,,,,,,,,,,,,54639919.0,,,,,,,,,,,,,,,,,,,,,,,,,,,,,,,,,,,,,,,,,,,,,2035013.0,,15636190.0,,,,,2362307.0,,,,,,,,,,,,0.0,,,,,,,,,,,,,,,,,,,,,,,,,,,,,,,,,,,,,,,,,,,,,,,,,,,,,,,,,,,,
853784,HSBC SECURITIES (USA) INC. ,2008,,,,,,,,,,417060.0,,,,,,,,,,,,,,,,,,,,,,,,,,,,,,,,,,,,,,,,,,,,,,,,,,,,,,,,,,,,,,,,,,,,,,,,,,,,,,,,,,,,,,,,,,,775000.0,,,,,,,,,,,,,,,,,,,,,,,,,,,,,79763.0,,,,,,,,,,,,,,,,,,,,,,,,,,,,,,,,,,,,,,,,,,,,,,,,,,,,,,,,,,,,,4025430.0,,,,,,124617.0,,,,,,,,,,,,,,,,,,,,,,,,,,,,,,,,,,,,,,,,,,,46320351.0,,,,,,,,,,,,,,,,,,,,,,,,,,,,,,,,,,,,,,,,,,,,,920727.0,,13970413.0,,,,,1018999.0,,,,,,,,,1183247.0,,,,,,,,,,,,,,,,,,,,,,,,,,,,,,,,,,,,,,,,,,,,,,,,,,,,,,,,,,,,,,,
853784,HSBC SECURITIES (USA) INC. ,2009,,,,,,,,,,304040.0,,,,,,,,,,,,,,,,,,,,,,,,,,,,,,,,,,,,,,,,,,,,,,,,,,,,,,,,,,,,,,,,,,,,,,,,,,,,,,,,,,,,1107895.0,,,,,,,975000.0,,,,,,,,,,,,,,,,,,,,,,,,,,,,,1059238.0,,,,,,,,,,,,,,,,,,,,,,,,,,,,,,,,,,,,,,,,,,,,,,,,,,,,,,,,,,,,,,,,4043710.0,,,,30324.0,,,,,,,,,,,,,,,,,,,,,,,,,,,,,,,,,,,,,,,,,,44356082.0,,,,,,,,,,,,,,,,,,,,,,,,,,,,,,,,,,,,,,,,,,,,,,,,,,,,,,1062371.0,,,,,,,,,,,,650226.0,,,,,,,,,,,,,,,,,,,,,,,,,,,,,,,,,,,,,,,,,,,,,,,,,,,,,,,7954972.0,,,
853784,HSBC SECURITIES (USA) INC. ,2010,,,,,,,,,,426901.0,,,,,,,,,,,,,,,,,,,,,,,,,,,,,,,,,,,,,,,,,,,,,,,,,,,,,,,,,,,,,,,,,,,,,,,,,,,,,,,,,,,,1877532.0,11696696.0,,,,,,650000.0,,,,,,,,,,,,,,,,,,,,,,,,,,,,,463122.0,,,,,,,,,,,,,,,,,,,,,,,,,,,,,,,,,,,,,,,,,,,,,,,,,,,,,,,,,,,,,,,,2555272.0,,,18.0,,,,,,,,,,,,,,,,,,,,,,,,,,,,,,,,,,,,,,,,,,,41871079.0,,,,,,,,,,,,,,,,,,,,,,,,,,,,,,,,,,,,,,,,,,,,,,,,,,,,,,250052.0,,,,,,,,,,,,893289.0,,,,,,,,,,,,,,,,,,,,,,,,,,,,,,,,,,,,,,,,,,,,,,,,,,,,,,,,,,
853784,HSBC SECURITIES (USA) INC. ,2011,,,,,,,,,,366771.0,,,,,,,,,,,,,,,,,,,,,,,,,,,,,,,,,,,,,,,,,,,,,,,,,,,,,,,,,,,,,,,,,,,,,,,,,,,,,,,,,,,,737246.0,12842987.0,,,,,,650000.0,,,,,,,,,,,,,,,,,,,,,,,,,,,,,1073549.0,,,,,,,,,,,,,,,,,,,,,,,,,,,,,,,,,,,,,,,,,,,,,,,,,,,,,,,,,,,,,,,,1900971.0,,,,44.0,,,,,,,,,,,,,,,,,,,,,,,,,,,,,,,,,,,,,,,,,,64516016.0,,,,,,,,,,,,,,,,,,,,,,,,,,,,,,,,,,,,,,,,,,,,,,,,,,,,,,850075.0,,,,,,,,,,,,,,,,,,,,,,,,,,913321.0,,,,,,,,,,,,,,,,,,,,,,,,,,,,,,,,,,,,,,,,,,,,
853784,HSBC SECURITIES (USA) INC. ,2012,,,,,,,,,,374346.0,,,,,,,,,,,,,,,,,,,,,,,,,,,,,,,,,,,,,,,,,,,,,,,,,,,,,,,,,,,,,,,,,,,,,,,,,,,,,,,,,,,,1134886.0,7722681.0,,,,,,650000.0,,,,,,,,,,,,,,,,,,,,,,,,,,,,,563881.0,,,,,,,,,,,,,,,,,,,,,,,,,,,,,,,,,,,,,,,,,,,,,,,,,,,,,,,,,,,,,,,,1281215.0,,,,564383.0,,,,,,,,,,,,,,,,,,,,,,,,,,,,,,,,,,,,,,,,,,42392702.0,,,,,,,,,,,,,,,,,,,,,,,,,,,,,,,,,,,,,,,,,,,,,,,,,,,,,,127212.0,,,,,,,,,,,,,,,,,,,,,,,,,,,,,,,,,,,892780.0,,,,,,,,,,,,,,,,,,,,,,,,,,,,,,,,,,,
853784,HSBC SECURITIES (USA) INC. ,2013,,,,,,,,,,428578.0,,,,,,,,,,,,,,,,,,,,,,,,,,,,,,,,,,,,,,,,,,,,,,,,,,,,,,,,,,,,,,,,,,,,,,,,,,,,,,,,,,1005420.0,10656249.0,,,,,,,,650000.0,,,,,,,,,,,,,,,,,,,,,,,,,,,,,,,,,,,,,,,,,,,,,,,,,,,,,,,,,,,,,,,,,,,,,,,,,,,,,,,,,,,,,,,,,,1951667.0,,,,,,,170310.0,,,,,,,,,,,,,,,,,,,,,,,,,,,,,,,,,,,,,,,,,,61976315.0,,,,,,,,,,,,,,,,,,,,,,,,,,,,,,,,,,,,,,,,,,,,,,,,,,,,,,152381.0,,,,,,,909119.0,,,,,,,,,,,,,,,,,,,,,,,,,,,,,,,,,,,,,,,,,,,,,,,,,,,,,,,,,,,,,,,
853784,HSBC SECURITIES (USA) INC. ,2014,,,,,,,,,,439614.0,,,,,,,,,,,,,,,,,,,,,,,,,,,,,,,,,,,,,,,,,,,,,,,,,,,,,,,,,,,,,,,,,,,,,,,,,,,,,,,,,,590566.0,10351412.0,,,,,,,,650000.0,,,,,,,,,,,,,,,,,,,,,,,,,,,,,1064907.0,,,,,,,,,,,,,,,,,,,,,,,,,,,,,,,,,,,,,,,,,,,,,,,,,,,,,,,,,,,,,,,,2648563.0,,,,,,,,,,,,,,,,,,,,,,,,,,,,,,,,,,,,,,,,,,,,,,,,,57642439.0,,,,,,,,,,,,,,,,,,,,,,,,,,,,,,,,,,,,,,,,,,,,,,,,,,,101791.0,,,,,,,825662.0,,,,,,,,,,,,,,,,,,,,,,,,,,,,,,,,,,,,,,,,,,,,,,,,,,,,,,,,,,,,,,,
853784,HSBC SECURITIES (USA) INC. ,2015,,,,,,,,,,340401.0,,,,,,,,,,,,,,,,,,,,,,,,,,,,,,,,,,,,,,,,,,,,,,,,,,,,,,,,,,,,,,,,,,,,,,,,,,,,,,,,,,1719644.0,11465412.0,,,,,,,,650000.0,,,,,,,,,,,,,,,,,,,,,,,,,,,,,963107.0,,,,,,,,,,,,,,,,,,,,,,,,,,,,,,,,,,,,,,,,,,,,,,,,,,,,,,,,,,,,,,,,1829069.0,,,,,,,,,,,,,,,,,,,,,,,,,,,,,,,,,,,,,,,,,,,,,,,,,,63506374.0,,,,,,,,,,,,,,,,,,,,,,,,,,,,,,,,,,,,,,,,,,,,,,,,,,200427.0,,,,,,,,,,,,,,,,,,,,,,,,,,,,,,,,,,,744079.0,,,,,,,,,,,,,,,,,,,,,,,,,,,,,,,,,,,
853784,HSBC SECURITIES (USA) INC. ,2016,,,,,,,,,,324722.0,,,,,,,,,,,,,,,,,,,,,,,,,,,,,,,,,,,,,,,,,,,,,,,,,,,,,,,,,,,,,,,,,,,,,,,,,,,,,,,,,,4783424.0,,,,,,,,,650000.0,,,,,,,,,,,,,,,,,,,,,,,,,,,,,,,,,,,,,,,,,,,,,,,,,,,,,,,,,,,,,,,,,,,,,,,,,,,,,,,,,,,,,,,,,,,,1647878.0,,794707.0,,,,,,,,,,,,,,,,,,,,,,,,,,,,,,,,,,,,,,,,,,,,,61921522.0,,,,,,,,,,,,,,,,,,,,,,,,,,,,,,,,,,,,,,,,,,,,,,,,,,,,,,625462.0,,,,,,,,,,,,,,,,,,,,,,,,,,,,,,,,,,,832795.0,,,,,,,,,,,,,,,,,,,,,,,,,,,,,,,,,,,
853784,HSBC SECURITIES (USA) INC. ,2017,,,,,,,,,,384362.0,,,,,,,,,,,,,,,,,,,,,,,,,,,,,,,,,,,,,,,,,,,,,,,,,,,,,,,,,,,,,,,,,,,,,,,,,,,,,,,,,,6266859.0,,,,,,,,,650000.0,,,,,,,,,,,,,,,,,,,,,,,,,,,,,,,,,,,,,,,,,,,,,,,,,,,,,,,,,,,,,,,,,,,,,,,,,,,,,,,,,,,,,,,,,,,,632855.0,,1068779.0,,,,,,,,,,,,,,,,,,,,,,,,,,,,,,,,,,,,,,,,,,,,,,,,,,,,,,,,,,,,,,61690945.0,,,,,,,,,,,,,,,,,,,,,,,,,,,,,,,,,,,,,226022.0,,,,,,,,,,,,,,,,,,,,,,,,,,,,,,,,,,839345.0,,,,,,,,,,,,,,,,,,,,,,,,,,,,,,,,,,,,
853784,HSBC SECURITIES (USA) INC. ,2018,,,,,,,,,,439845.0,,,,,,,,-1292502.0,,,,,777.0,,,,,,,,,,,,,,,,,,,,,,,,,,2126878.0,,,,,,,,0.0,,,,,,,,,,,,,,,,,,,,,,,,,,,,,,,,,,,7238150.0,,,,,,,,,750000.0,,,,,,,,,,,,,,,,,,,,,,,,,,,,,,,,,,,,,,,,,,,,,,,,,,,,,,,,,,,,,,,,,,,,,,,,,,,,,,,,,,,,,,,,,1139431.0,,,,,1272784.0,,,,,,,,,,,,,,,,,,,,,,,,,,,,,,,,,,,,,,,,,,,,,,,,,,,,,,,73275563.0,,,,,,,,,,,,,,,,,,,,,,,,,,,,,,,,,,,,,,,,,,,,6357672.0,,,,,,,,,,,,,,,,,,,,,,,,,,,,,,,,,,,,,,,,,,,,,,,,,,,,,,,,,,,,,,,,,,,,,,
853784,HSBC SECURITIES (USA) INC. ,2019,,,,,,,,,,343.0,,,,,,,,-1502.0,,,,,,,,,,,,,,,,,,,,,,,,,,,,,,,2282.0,,,,,,,,,0.0,,,,,,,,,,,,,,,,,,,,,,,,,,,,,,,,,,8474.0,,,,,,,,,975.0,,,,,,,,,,,,,,,,,,,,,,,,,,,,,,,,,,,,,,,,,,,,,,,,,,,,,,,,,,,,,,,,,,,,,,,,,,,,,,,,,,,,,,,,,232.0,,,,,1523.0,,,,,,,,,,,,,,,,,,,,,,,,,,,,,,,,,,,,,,,,,,,,,,,,,,,,,,,,,,,,91777.0,,,,,,,,,,,,,,,,,,,,,,,,,,,,,,,,,,,781.0,,,,957.0,,,,,,,,,,,,,,,,,,,,,,,,,,,,,,105062.0,,,,,,,,,,,,,,,,,,,,,,,,,,,,,,,,,,,,,,,,
853784,HSBC SECURITIES (USA) INC. ,2020,,,,,,,,,,370.0,,,,,,,,-1555.0,,,,,,,,,,,,,,,,,,,,,,,,,,,,,,,2496.0,,,,,,,,,0.0,,,,,,,,,,,,,,,,,,,,,,,,,,,,,,,,,,5681.0,,,,,,,,,900.0,,,,,,,,,,,,,,,,,,,,,,,,,,,,,,,,,,,,,,,,,,,,,,,,,,,,,,,,,,,,,,,,,,,,,,,,,,,,,,,,,,,,,,,,,483.0,,,,,3486.0,,,,,,,,,,,,,,,,,,,,,,,,,,,,,,,,,,,,,,,,,,,,,64311.0,,,,,,,,,,,,,,,,,,,,,,,,,,,,,,,,,,,,,,,,,,,,,,,,,,942.0,,,,1148.0,,,,,,,,,,,,,,,,,,,,,,,,,,,,,,77321.0,,,,,,,,,,,,,,,,,,,,,,,,,,,,,,,,,,,,,,,,
91154,CITIGROUP GLOBAL MARKETS INC. ,2002,,,,,,,,,,,,,,,,,4.0,,,,,,,,,4243.0,,,,,,,,,,,,,,,,,,,,13916.0,,,,,,,,,,,,,,,,,,,,,,,,1138.0,,,2702.0,,,20449.0,,17794.0,,,,,,2610.0,,,,,,,,,,,,,,,,,,,,,,,,,,,,,,,,,,,,,,,313.0,,,,,,711.0,,,,,,11654.0,,,,,,,,87.0,,,,,,,,,,,,,,,,,,,,,,,,,,,,,,,,,,,,,,,,,,,20760.0,,,,,,,,,,,,,,,,,,,,,,,2603.0,,,,,,,,,,,,,,,,,,,,,,,,,,,,,,,104191.0,,,,,,,,,,,,,,,,,,,,,,,,,,,,,,,,,,,,,,,,,,,,,,,,,,,,,,23.0,,,,,,,,,,,,,,,,,,3695.0,,,,,,,,,,,,,,,,,,,,,,,,18376.0,,,,,,,,,,,,,,10.0,,,,,,,,,,,,,,
91154,CITIGROUP GLOBAL MARKETS INC. ,2003,,,700.0,,,,,,,,,,,,,,4.0,,,,,,,,,4469.0,,21206.0,,,,,,,,,,,,,,,,,,4705.0,,,,,,,,,,,,,,,,,,,,,,,,1388.0,,,2851.0,,,17432.0,,18405.0,,,,,,1686.0,,,,,,,,,,,,,,,,,,,,,,,,,,,,,,,,,,,,,,,434.0,,,,,,,,,,,,9372.0,,,,,,,,31.0,,,,,,,,,,,,,,,,,,,,,,,,,,,,,,,,,,,,,,,,,,,,,,,,,,,,,,,,,,,,,,,,,,2653.0,,,,,,,,,,,,,,,,,,,,,,,,,,,,,,,95754.0,,,,,,,,,,,,,,,,,,,,,,,,,,,,,,,,,,,,,,,,,,,,,,,,,,,,,,,,,,,,,,,,,,,,,,,,,,,4395.0,,,,,,,,,,,,,,,,,,,,,11622.0,,,,,,,,,,,,,,10.0,,,,,,,,,,,,,,
91154,CITIGROUP GLOBAL MARKETS INC. ,2004,,,,,,,,,,,,,,,,,,,,,,,,,,4532.0,,16703.0,,,,,,,,,,,,,,,,,,15219.0,,,,,,,,,,,,,,,,,,,,,,,,3164.0,,,4112.0,,,24040.0,,16754.0,,,,,,1575.0,,,,,,,,,,,,,,,,,,,,,,,,,,,,,,,,,,,,,,,336.0,,,,,696.0,,,,,,,12455.0,,,,,,,,99.0,,,,,,,,,,,,,,,,,,,,,,,,,,,,,,,,,,,,,,,,,,,,,,,,,,,,,,,,,,,,,,,,,,2693.0,,,,,,,,,,,,,,,,,,,,,,,,,,,,,,,107097.0,,,,,,,,,,,,,,,,,,,,,,,,,,,,,,,,,,,,,,,,,,,,,,,,,,,,,,,,,,,,,,,,,,,,,,,,,,6245.0,,,,,,,,,,,231204.0,,,,7239.0,,,,,,,15470.0,,,,,,,,,,,,,,10.0,,,,,,,,,,,,,,
91154,CITIGROUP GLOBAL MARKETS INC. ,2005,,,,,,,,,,,,,,,,,8.0,-329.0,,,,,,,,8715.0,,20883.0,,,,,,,,,,,,,,,,,,9278.0,,,,,,,,,,,,,,,,,,,,,,,,1929.0,,,6931.0,,,36915.0,,24617.0,,,,,,2612.0,,,,,,,,,,,,,,,,,,,,,,,,,,,,,,,,,,,,,,,432.0,,,,,,,,,,,,27698.0,,,,,,,,61.0,,,,,,,,,,,,,,,,,,,,,,,,,,,,,,,,,,,,,,,,,,,,,,,,,,,,,,,,,,,,,,,,,,,,,,,,,,,,,,,,,,,,,,,,,,,,,,,,,113668.0,,,,,,,,,,,,,,,,,,,,,,,,,,,,,,,,,,,,,,,,,,,,,,,,,,,,,,,,,,,,,,,,,,,,,,,,,,6195.0,,,,,,,,,,,,,,,,,,,,,,18823.0,,,,,,,,,,,,,,10.0,,,,,,,,,,,,,,413.0
91154,CITIGROUP GLOBAL MARKETS INC. ,2007,,,,,,,,,,,,,,,,,6.0,,,,,,,,,10632.0,,21921.0,,,,,,,,,,,,,,,,,,5859.0,,,,,,,,,,,,,,,,,,,,,,,,2722.0,,,4527.0,,,46461.0,,59027.0,,,,,,3814.0,,,,,,,,,,,,,321.0,,,,,,,,,,,,,,,,,,,,,,,,,,,,,,757.0,,,,,,,,35375.0,,,,,,,,228.0,,,,,,,,,,,,,,,,,,,,,,,,,,,,,,,,,,,,,,,,,,,,,,,,,,,,,,,,,,,,,,,,,,185.0,,,,,,,,,,,,,,,,,,,,,,,,,,,,,,,160105.0,,,,,,,,,,,,,,,,,,,,,,,,,,,,,,,,,,,,,,,,,,,,,,,,,,,,,,,,,,,,,,,,,,,,,,,,7945.0,,,,,,,,,,,,,377.95099999999996,,,,,,,,,,,18056.0,,,,,,,,,,,,,,10.0,,,,,,,,,,,,,,
91154,CITIGROUP GLOBAL MARKETS INC. ,2008,,,,,,,,,,,,,,,,,5.0,-2398.0,,,,,,,,10725.0,,19896.0,,,,,,,,,,,,,,,,,,10146.0,,,,,,,,,,,,,,,,,,,,,,,,2486.0,,,3008.0,,,53062.0,,51126.0,,,,,,5157.0,,,,,,,,,,,,,121.0,,,,,,,,,,,,,,,,,,,,,,,,,,,,,,,,,,,,,,31049.0,,,,,,,,44.0,,,,,,,,,,,,,,,,,,,,,,,,,,,,,,,,,,,,,,,,,,,,,,,,,,,,,,,,,,,,,,,,,,,,,,,,,,,,,,,,,,,,,,,,,,,,,,,,,,,,,,,,,,,,,,,,,,,,,,,,,,,,,,154183.0,,,,,,,,,,,,,,,,,,,,,,,,,,,,,,,,,,,,,,,,,,,9045.0,,,,,,,,,,,,,,,,,,,,,,,,15497.0,,,,,,,,,,,,,,10.0,,,,,,,,,,,,,,
91154,CITIGROUP GLOBAL MARKETS INC. ,2009,,,,,,,,,,,,,,,,,56383.0,-4503.0,,,,,,,,10871.0,,3974.0,,,,,,,,,,,,,,,,,,7013.0,,,,,,,,,,,,,,,,,,,,,,,,2925.0,,,2487.0,,,50647.0,,19357.0,,,,,,2896.0,,,,,,,,,,,,,124.0,,,,,,,,,,,,,,,,,,,,,,,,,,,,,,,,,,,,,,20719.0,,,,,,,,125.0,,,,,,,,,,,,,,,,,,,,,,,,,,,,,,,,,,,,,,,,,,,,,,,,,,,,,,,,,,,,,,,,,,,,,,,,,,,,,,,,,,,,,,,,,,,,,,,,,,,,,,,,,,,,,,,,,,,,,,,,,,,,,148105.0,,,,,,,,,,,,,,,,,,,,,,,,,,,,,,,,,,,,,,,,,,,,,280442.0,,,,,,,,,,,,286825.0,,,,,,,,,,,12025.0,,,,,,,,,,,,,,10.0,,,,,,,,,,,,,,
91154,CITIGROUP GLOBAL MARKETS INC. ,2010,,,,,,,,,,,,,,,,,6.0,,,,,,,,,11857.0,,55828.0,,,,,,,,,,,,,,,,,,9006.0,,,,,,,,,,,,,,,,,,,,,,,,,,,3545.0,,,40777.0,,25897.0,,,,1936.0,,3738.0,,,,,,,,,,,,,192.0,,,,,,,,,,,,,,,,,,,,,,,,,,,,,2150.0,,,,,,,,,18064.0,,,,,,,50.0,,,,,,,,,,,,,,,,,,,,,,,,,,,,,,,,,,,,,,,,,,,,,,,,,,,,,,,,,,,,,,,,,,,6124.0,,,,,,,,,,,,,,,,,,,,,,,,,,,,,,,,,,,,,,,,,,,,,,,,,,,,,,,,,,,,,,107264.0,,,,,,,,,,,,,,,,,,,,,,,,,,,,,,,,,,,,,,,,,10045.0,,,,,,,,,,,,,,,,,,,,,,,,17867.0,,,,,,,,,,,,,,10.0,,,,,,,,,,,,,,
91154,CITIGROUP GLOBAL MARKETS INC. ,2011,,,,,,,,,,,,,,,,,,,,,,,,,,12567.0,,14851.0,,,,,,,,,,,,,,,,,,6993.0,,,,,,,,,,,,,,,,,,,,,,,,,,,3758.0,,,38453.0,,24560.0,,,,2856.0,,5383.0,,,,,,,,,,,,,234.0,,,,,,,,,,,,,,,,27278.0,,,,,,,,,,,,,,,,,,,,,,13575.0,,,,,,,98.0,,,,,,,,,,,,,,,,,,,,,,,,,,,,,,,,,,,,,,,,,,,,,,,,,,,,,,,,,,,,,,,,,,,3454.0,,,,,,,,,,,,,,,,,,,,,,,,,,,,,,,,,,,,,,,,,,,,,,,,,,,,,,,,,,,,,,,106859.0,,,,,,,,,,,,,,,,,,,,,,,,,,,,,,,,,,,,,,,,11945.0,,,,,,,,,,,,,288409.0,,,,16020.0,,,,,,,15546.0,,,,,,,,,,,,,,10.0,,,,,,,,,,,,,,
91154,CITIGROUP GLOBAL MARKETS INC. ,2012,,,,,,,,,,,,,,,,,,,,,,,,,,5934.0,,1943.0,,,,,,,,,,,,,,,,,,10211.0,,,,,,,,,,,,,,,,,,,,,,,,,,,2563.0,,,41699.0,,24773.0,,,,1260.0,,4727.0,,,,,,,,,,,,,200.0,,,,,,,,,,,,,,,,25289.0,,,,,,,,,,,,,,,,,,,,,,13987.0,,,,,,,58.0,,,,,,,,,,,,,,,,,,,,,,,,,,,,,,,,,,,,,,,,,,,,,,,,,,,,,,,,,,,,,,,,,,,1889.0,,,,,,,,,,,,,,,,,,,,,,,,,,,,,,,,,,,,,,,,,,,,,,,,,,,,,,,,,,,,,109099.0,,,,,,,,,,,,,,,,,,,,,,,,,,,,,,,,,,,,,,,,,,8445.0,,,,,,,,,,,,,,,,,,,,,,,,17063.0,,,,,,,,,,,,,,10.0,,,,,,,,,,,,,,
91154,CITIGROUP GLOBAL MARKETS INC. ,2013,,,,115344.0,,,,,,,,,,,,,,,,,,,,,,6044.0,,19643.0,,,,,,,,,,,,,,,,,,13081.0,,,,,,,,,,,,,,,,,,,,,,,,,,,2909.0,,,31986.0,,21431.0,,,,903.0,,3817.0,,,,,,,,,,,,,240.0,,,,,,,,,,,,,,,,6350.0,,,,,,,,,,,,,,,,,,,,,,5856.0,,,,,,,330.0,,,,,,,,,,,,,,,,,,,,,,,,,,,,,,,,,,,,,,,,,,,,,,,,,,,,,,,,,,,,,,,,,,,2638.0,,,,,,,,,,,,,,,,,,,,,,,,,,,,,,,,,,,,,,,,,,,,,,,,,,,,,,,,,,,,,,,,,,,,,,,,,,,,,,,,,,,,,,,,,,,,,,,,,,,,,,,8445.0,,,,,,,,,,,,,251522.0,,,,8692.0,,,,,,,12495.0,,,,,,,,,,,,,,,,,,,,,,,,,,,,
91154,CITIGROUP GLOBAL MARKETS INC. ,2014,,,,,,,,,,,,,,,,,,,,,,,,,,7196.0,,8589.0,,,,,,,,,,,,,,,,,,3389.0,,,,,,,,,,8445.0,,,10.0,,,,,,,,,,,,,,3026.0,,,32863.0,,,,,,915.0,,2293.0,,,,,,,,,,,,,494.0,,,,,,,,,,,,,,,,13553.0,,,,,,,,,,,,,,,,,,,,10921.0,,7275.0,,,,,,,124.0,,,,,,,,,,,,,,,,,,,,,,,,,,,,,,,,,,,,,,,,,,,,,,,,,,,,,,,,,,,,,,,,,,,2485.0,,,,,,,,,,,,,,,,,,,,,,,,,,,140477.0,,,,,,,,,,,,,,,,,,,,,,,,,,,,,,,,,,,,,,,,,,,,,,,,,,,,,,,,,,,,,,,,,,,,,,,,,,,,,,,,,,,,,,,,,,,,,,,,11545.0,,,,,,,,,,,,,,,,,,,,,,,,,,,,,,,,
91154,CITIGROUP GLOBAL MARKETS INC. ,2016,,,,,,,,,,,,,,,,,,,,,,,,,,9099.0,,,,,,,,,,,,,,,,,,,,4917.0,,,,,,,,,,9945.0,,,10.0,,,,,,,,,,,,,,2799.0,,,41163.0,,,,,,904.0,,2008.0,,,,,,,,,,,,,427.0,,,,,,,,,,,,,,,,15875.0,,,,,,,,,,,,,,,,,,,,8716.0,,4266.0,,,,,,,,,,,,,,,,,,,,,,,,,,,,,,,,,,,,,,,,,,,,,,,,,,,,,,,,,,,,,,,,,,,,,,,,,,33.0,,,,,,,,,,,,,,,,,,,,,,,,,,,,129960.0,,,,,,,,,,,,,,,,,,,,,,,,,,,,,,,,,,,,,,,,,,,,,,,,,,,,,,,,,10606.0,,,,,,,,,,,,,,,,,,,,,,,,,,,234329.0,,,,,,,,,,,12656.0,,,,,,,,,,,,,,,,,,,,,,,,,,,,,,,,
91154,CITIGROUP GLOBAL MARKETS INC. ,2017,,,,,,,,,,,,,,,,,,,,,,,,,,8921.0,,,,,,,,,,,,,,,,,,,,4598.0,,,,,,,,,,,,,10.0,,,,,,,,,,,,,,3585.0,,,39465.0,,,,,,2243.0,,2112.0,,,,,,,,,,,,,430.0,,,,,,,,,,,,,,,,12875.0,,,,,,,,,,,,,,,,,,,,9307.0,,4313.0,,,,,,,77.0,,,,,,,,,,,,,,,,,,,,,,,,,,,,,,,,,,,,,,,,,,,,,,,,,,,,,,,,,,,,,,,,,,,263.0,,,,,,,,,,,,,,,,,,,,,,,,,,138098.0,,,,,,,,,,,,,,,,,,,,,,,,,,,,,,,,,,,,,,,,,,,,,,,,,,,,,,,,,,,5576.0,,,,,,,,,,,,,,,,,,9945.0,,,,,,,,,,,,,,,,,,,,19826.0,,,,,,,,,,,,,,,,,,,,,,,,,,,,,,,,
91154,CITIGROUP GLOBAL MARKETS INC. ,2018,,,,,,,,,,,,,,,,,,,,,,,,,,8937.0,,,,,,,,,,,,,,,,,,,,2368.0,,,,,,,,,,,,,10.0,,,,,,,,,,,,,,3609.0,,,38660.0,,,,,,900.0,,2447.0,,,,,,,,,,,,,382.0,,,,,,,,,,,,,,,,22025.0,,,,,,,,,,,,,,,,,,,,15443.0,,3754.0,,,,,,,119.0,,,,,,,,,,,,,,,,,,,,,,,,,,,,,,,,,,,,,,,,,,,,,,,,,,,,,,,,,,,,,,,,,,,68.0,,,,,,,,,,,,,,,,,,,,,,,,,,,,,146794.0,,,,,,,,,,,,,,,,,,,,,,,,,,,,,,,,,,,,,,,,,,,,,,,,,,,,,,,,1251.0,,,,,,,,,,,,,,,,,,9945.0,,,,,,,,,,,,,,,,,,,,15832.0,,,,,,,,,,,,,,,,,,,,,,,,,,,,,,,,
91154,CITIGROUP GLOBAL MARKETS INC. ,2019,,,,,,,,,,,,,,,,,,,,,,,,,,8802.0,,,,,,,,,,,,,,,,,,,3218.0,,,,,,,,,,,,,,10.0,,,,,,,,,,,,,,3498.0,,,43505.0,,,,,,3265.0,,5502.0,,,,,,,,,,,,,249.0,,,,,,,,,,,,,,,,24582.0,,,,,,,,,,,,,,,,,,,,15877.0,,,,,,,,,63.0,,,,,,,,,,,,,,,,,,,,,,,,,,,,,,,,,,,,,,,,,,,,,,,,,,,,,,,,,,,,,,,,,,,48.0,,,,,,,,,,,,,,,,,,,,,,,,,157690.0,,,,,,,,,,,,,,,,,,,,,,,,,,,,,,,,,,,,,,,,,,,,,,,,,,,,,,,,,,,,508.0,,,,,,,,,,,,,,,,,,9945.0,,,,,,,,,,,,,,,,,,,,17218.0,,,,,,,,,,,,,,,,,,,,,,,,4928.0,,,,,,,,
91154,CITIGROUP GLOBAL MARKETS INC. ,2020,,,,,,,,,,,,,,,,,,,,,,,,,,8784.0,,,,,,,,,,,,,,,,,,,,2008.0,,,,,,,,,,,,,10.0,,,,,,,,,,,,,,4180.0,,,38484.0,,,,,,1150.0,,5088.0,,,,,,,,,,,,,284.0,,,,,,,,,,,,,,,,24499.0,,,,,,,,,,,,,,,,,,,,6260.0,,3896.0,,,,,,,88.0,,,,,,,,,,,,,,,,,,,,,,,,,,,,,,,,,,,,,,,,,,,,,,,,,,,,,,,,,,,,,,,,,,,279.0,,,,,,,,,,,,,,,,,,,,,,,,160335.0,,,,,,,,,,,,,,,,,,,,,,,,,,,,,,,,,,,,,,,,,,,,,,,,,,,,,,,,,,,,,6973.0,,,,,,,,,,,,,,,,,,9945.0,,,,,,,,,,,,,,,,,,,,17182.0,,,,,,,,,,,,,,,,,,,,,,,,,,,,,,,,
